created_stamp,modified_stamp,traditional,jyutping,correct,incorrect,difficulty,priority,last_reviewed_stamp
2021-09-01 19:32:38,2021-09-01 19:44:38,一鑊熟,jat1 wok6 suk6,0,0,100,,2021-09-01 19:47:53
2021-09-01 19:32:06,2021-09-01 19:44:38,鬼婆,gwai2 po4,0,0,100,,2021-09-01 19:47:08
2021-09-01 19:31:41,2021-09-01 19:44:38,食蕉,sik6 ziu1,0,0,100,,2021-09-01 19:47:45
2021-09-01 19:29:19,2021-09-01 19:44:38,一天都光晒,jat1 tin1 dou1 gwong1 saai3,0,0,100,,2021-09-01 19:46:54
2021-09-01 19:28:48,2021-09-01 19:44:38,反胃,faan2 wai6,0,0,100,,2021-09-01 19:47:38
2021-09-01 19:28:09,2021-09-01 19:44:38,打冷震,daa2 laang5 zan3,0,0,100,,2021-09-01 19:47:27
2021-09-01 19:27:45,2021-09-01 19:44:38,出世,ceot1 sai3,0,0,100,,2021-09-01 19:46:46
2021-09-01 19:23:33,2021-09-01 19:44:38,打工,daa2 gung1,0,0,100,,2021-09-01 19:47:24
2021-09-01 19:23:17,2021-09-01 19:44:38,即係,zik1 hai6,0,0,100,,2021-09-01 19:47:55
2021-09-01 19:22:49,2021-09-01 19:44:38,菲律賓,fei1 leot6 ban1,0,0,100,,2021-09-01 19:47:32
2021-09-01 19:22:06,2021-09-01 19:44:38,婆婆,po4 po2,0,0,100,,2021-09-01 19:47:01
2021-09-01 19:21:56,2021-09-01 19:44:38,爭,zang1,0,0,100,,2021-09-01 19:46:49
2021-09-01 19:21:35,2021-09-01 19:44:38,手指,sau2 zi2,0,0,100,,2021-09-01 19:47:18
2021-09-01 19:19:35,2021-09-01 19:44:38,泰國,taai3 gwok3,0,0,100,,2021-09-01 19:47:14
2021-09-01 19:19:14,2021-09-01 19:44:38,時差,si4 caa1,0,0,100,,2021-09-01 19:47:34
2021-09-01 19:18:54,2021-09-01 19:44:38,健康,gin6 hong1,0,0,100,,2021-09-01 19:47:12
2021-09-01 19:15:18,2021-09-01 19:44:38,感覺,gam2 gok3,0,0,100,,2021-09-01 19:47:42
2021-08-21 22:47:39,2021-08-21 22:56:37,勇敢,jung5 gam2,0,0,100,,2021-09-01 19:47:49
2021-08-21 22:47:26,2021-08-21 22:56:37,講笑,gong2 siu3,0,0,100,,2021-09-01 19:47:20
2021-08-14 16:11:16,2021-08-14 16:34:13,文字,man4 zi6,0,2,90,,2021-09-01 19:45:57
2021-08-14 16:10:49,2021-08-14 16:34:13,老闆,lou5 baan2,1,1,90,,2021-09-01 19:46:21
2021-08-14 16:10:12,2021-08-14 16:34:13,朝鮮,ciu4 sin1,0,2,90,,2021-09-01 19:45:11
2021-08-04 12:27:33,2021-08-04 12:29:59,得唔得?,dak1 m4 dak1,2,0,100,,2021-08-08 22:15:26
2021-08-03 20:51:32,2021-08-04 12:29:59,約會,joek3 wui6,0,1,90,,2021-08-08 22:19:06
2021-08-03 20:51:10,2021-08-04 12:29:59,投訴,tau4 sou3,0,3,90,,2021-08-08 22:10:58
2021-08-03 20:50:41,2021-08-04 12:29:59,差,caa1,1,0,100,,2021-08-08 22:19:25
2021-08-03 20:49:15,2021-08-04 12:29:59,仲係,zung6 hai6,1,1,90,,2021-08-08 22:10:16
2021-08-03 20:48:55,2021-08-04 12:29:59,情侶,cing4 leoi5,0,2,90,,2021-08-08 22:15:06
2021-08-03 20:48:39,2021-08-04 12:29:59,金髮,gam1 faat3,2,0,100,,2021-08-08 22:16:00
2021-08-03 20:47:40,2021-08-04 12:29:59,出去,ceot1 heoi3,1,1,90,,2021-08-06 18:45:14
2021-08-03 20:47:24,2021-08-04 12:29:59,金色,gam1 sik1,2,0,100,,2021-08-08 22:16:08
2021-07-13 21:54:11,2021-08-14 16:34:13,準備,zeon2 bei6,0,2,90,,2021-09-01 19:45:22
2021-07-13 20:01:38,2021-08-01 12:23:13,悲,bei1,0,1,90,,2021-08-01 12:37:50
2021-07-13 20:00:59,2021-08-01 12:23:13,悲劇,bei1 kek6,0,1,90,,2021-08-01 12:36:03
2021-07-13 20:00:08,2021-08-01 12:23:13,氹返,tam5 faan2,0,1,90,,2021-08-01 12:34:56
2021-06-29 19:37:14,2021-08-01 12:23:13,蠢,ceon2,4,2,90,veryhigh,2021-08-09 00:42:50
2021-06-29 19:29:48,2021-08-01 12:23:13,經過,ging1 gwo3,0,1,90,,2021-08-01 12:37:00
2021-06-29 19:26:24,2021-08-01 12:23:13,打過嚟,daa2 gwo3 lai4,0,1,90,,2021-08-01 12:34:02
2021-06-10 21:03:40,2021-08-01 12:23:13,大話,daai6 waa6,0,1,90,,2021-08-01 12:34:10
2021-06-08 16:43:30,2021-08-01 12:23:13,好人,hou2 jan4,1,0,100,,2021-08-01 12:37:06
2021-06-08 16:43:23,2021-08-01 12:23:13,壞人,waai6 jan4,0,3,90,,2021-08-01 12:27:05
2021-06-08 16:43:10,2021-08-01 12:23:13,冰球,bing1 kau4,0,3,90,,2021-08-01 12:26:48
2021-06-08 16:40:00,2021-08-01 12:23:13,瑞士,seoi6 si6,0,3,90,,2021-08-01 12:27:13
2021-06-08 16:39:47,2021-08-01 12:23:13,網球,mong5 kau4,0,3,90,,2021-08-01 12:26:01
2021-06-08 16:39:06,2021-08-01 12:23:13,難食,naan4 sik6,0,3,90,,2021-08-01 12:26:16
2021-06-08 16:37:42,2021-08-01 12:23:13,落去,lok6 heoi3,0,1,90,,2021-08-01 12:35:27
2021-06-08 16:37:31,2021-08-01 12:23:13,做人,zou6 jan4,0,1,90,,2021-08-01 12:27:37
2021-06-08 16:37:03,2021-08-01 12:23:13,絕,zyut6,0,1,90,,2021-08-01 12:35:10
2021-06-08 15:40:43,2021-08-01 12:23:13,請,cing2,1,2,90,,2021-08-01 12:26:34
2021-06-08 15:40:24,2021-08-01 12:23:13,大膽,daai6 daam2,1,2,80,,2021-08-01 12:27:29
2021-06-08 15:39:34,2021-08-01 12:23:13,種樹,zung3 syu6,0,3,90,,2021-08-01 12:26:30
2021-05-27 18:42:31,2021-08-01 12:23:13,火腿腸,fo2 teoi2 coeng2,1,3,90,low,2021-08-01 12:50:36
2021-05-27 18:39:06,2021-08-01 12:23:13,雞髀,gai1 bei2,1,3,90,,2021-08-01 12:25:45
2021-05-27 18:38:30,2021-07-23 16:14:07,骨頭,gwat1 tau4,1,1,90,,2021-06-08 17:03:47
2021-05-27 18:35:38,2021-07-23 16:14:07,狼,long4,1,1,90,,2021-06-08 17:38:01
2021-05-27 18:35:02,2021-07-23 16:14:07,老虎機,lou5 fu2 gei1,1,1,90,,2021-06-08 17:07:51
2021-05-27 18:27:55,2021-07-23 16:14:07,奶昔,naai5 sik1,1,1,90,,2021-06-08 16:47:38
2021-05-27 18:26:43,2021-07-23 16:14:07,快餐,faai3 caan1,1,1,90,,2021-06-08 16:48:03
2021-05-27 18:25:49,2021-07-23 16:14:07,眼瞓,ngaan5 fan3,1,1,90,,2021-06-08 16:50:34
2021-05-22 15:46:36,2021-07-23 16:14:07,冥想,ming5 soeng2,1,1,90,,2021-06-08 16:50:50
2021-05-22 15:45:07,2021-07-23 16:14:07,票,piu3,1,0,100,,2021-05-27 19:33:29
2021-05-22 15:44:40,2021-07-23 16:14:07,磨豆腐,mo4 dau6 fu6,1,0,100,,2021-05-27 19:33:37
2021-05-22 15:42:35,2021-07-23 16:14:07,手袋,sau2 doi6,0,1,90,,2021-06-08 17:43:11
2021-05-10 17:51:57,2021-07-23 16:14:07,落狗屎,lok6 gau2 si2,1,0,100,,2021-05-27 19:37:47
2021-05-10 17:51:16,2021-07-23 16:14:07,收兵,sau1 bing1,1,2,80,,2021-06-08 16:47:46
2021-05-10 17:47:58,2021-07-23 16:14:07,騎牛搵馬,ke4 ngau4 wan2 maa5,1,1,90,,2021-06-08 16:49:45
2021-05-10 17:47:36,2021-07-23 16:14:07,戴綠帽,daai3 luk6 mou2,1,2,80,,2021-06-08 16:50:56
2021-05-10 17:47:13,2021-07-23 16:14:07,雞同鴨講,gai1 tung4 aap3 gong2,1,1,90,,2021-06-08 16:47:30
2021-05-10 17:44:15,2021-07-23 16:14:07,瀨嘢,laai2 je5,1,2,76,,2021-06-08 16:45:35
2021-05-04 21:19:32,2021-07-23 16:14:07,捉蟲,zuk1 cung4,1,1,86,,2021-06-08 16:45:22
2021-05-03 22:25:42,2021-07-23 16:14:07,曳,jai6,0,2,90,,2021-06-08 16:44:55
2021-05-03 22:25:22,2021-07-23 16:14:07,永遠,wing5 jyun5,1,0,100,,2021-05-27 19:33:23
2021-05-03 22:24:18,2021-07-23 16:14:07,同時,tung4 si4,2,0,100,,2021-06-08 16:47:57
2021-05-03 22:22:57,2021-07-23 16:14:07,等一陣,dang2 jat1 zan6,2,1,90,,2021-06-08 16:50:24
2021-05-03 22:22:33,2021-07-23 16:14:07,買餸,maai5 sung3,1,0,100,,2021-05-27 19:35:58
2021-05-03 22:22:01,2021-07-23 16:14:07,一陣,jat1 zan6,0,2,90,,2021-06-08 16:45:12
2021-04-28 13:41:39,2021-07-23 16:14:07,孔雀,hung2 zoek3,0,0,100,low,1970-01-01 00:00:00
2021-04-28 13:41:28,2021-07-23 16:14:07,當然,dong1 jin4,3,4,80,high,2021-08-12 04:10:07
2021-04-26 21:35:19,2021-07-23 16:14:07,就嚟,zau6 lai4,5,7,68,veryhigh,2021-08-09 00:41:29
2021-04-26 21:34:43,2021-07-23 16:14:07,啱啱,ngaam1 ngaam1,1,2,88,veryhigh,2021-05-24 16:43:53
2021-04-26 21:32:16,2021-07-23 16:14:07,喊,haam3,2,1,86,,2021-05-27 19:30:02
2021-04-26 21:31:54,2021-07-23 16:14:07,傷害,soeng1 hoi6,1,2,90,,2021-05-24 16:40:33
2021-04-26 21:30:14,2021-07-23 16:14:07,下次見,haa6 ci3 gin3,2,0,100,,2021-05-22 15:57:03
2021-04-26 21:28:11,2021-07-23 16:14:07,地氈,dei6 zin1,1,3,90,,2021-05-27 19:28:05
2021-04-26 21:27:49,2021-07-23 16:14:07,毛巾,mou4 gan1,1,3,90,,2021-05-27 19:27:12
2021-04-26 21:13:02,2021-07-23 16:14:07,紙巾,zi2 gan1,1,3,90,,2021-05-27 19:25:24
2021-04-26 21:10:33,2021-07-23 16:14:07,瑜伽,jyu4 gaa1,1,3,90,,2021-05-27 19:25:05
2021-04-26 21:10:09,2021-07-23 16:14:07,一半,jat1 bun3,2,3,80,,2021-05-27 19:26:27
2021-04-26 21:06:43,2021-07-23 16:14:07,眼耳口鼻,ngaan5 ji5 hau2 bei6,1,3,90,,2021-05-27 19:24:54
2021-04-26 21:04:21,2021-07-23 16:14:07,郁咗一郁,juk1 zo2 jat1 juk1,2,1,90,,2021-05-24 16:44:35
2021-04-26 20:55:58,2021-07-23 16:14:07,痛,tung3,2,2,86,,2021-05-27 19:25:01
2021-04-26 20:41:34,2021-07-23 16:14:07,鎖匙,so2 si4,1,3,90,,2021-05-27 19:26:21
2021-04-26 20:40:22,2021-07-23 16:14:07,跌,dit3,1,2,90,,2021-05-24 16:44:26
2021-04-26 20:39:56,2021-07-23 16:14:07,跟住,gan1 zyu6,4,11,80,veryhigh,2021-08-13 15:35:11
2021-04-26 20:39:03,2021-07-23 16:14:07,小心,siu2 sam1,1,1,94,,2021-05-22 15:49:52
2021-04-26 20:38:33,2021-07-23 16:14:07,頭先,tau4 sin1,1,3,88,,2021-05-27 19:24:15
2021-04-26 20:37:33,2021-07-23 16:14:07,發生,faat3 sang1,2,2,90,,2021-05-27 19:25:58
2021-04-26 20:36:30,2021-07-23 16:14:07,咩,me1,1,1,94,,2021-05-22 15:49:48
2021-04-26 20:33:48,2021-07-23 16:14:07,拍拖,paak3 to1,1,3,90,,2021-05-27 19:27:28
2021-04-26 20:33:24,2021-07-23 16:14:07,已經,ji5 ging1,2,0,100,,2021-05-22 15:56:52
2021-04-26 20:32:53,2021-07-23 16:14:07,履歷,lei5 lik6,0,4,88,,2021-05-27 19:24:29
2021-04-26 20:31:40,2021-07-23 16:14:07,炒魷魚,caau2 jau4 jyu2,0,4,90,,2021-05-27 19:27:34
2021-04-26 20:30:07,2021-07-23 16:14:07,白頭髮,baak6 tau4 faat3,1,2,90,,2021-05-24 16:45:16
2021-04-26 20:27:46,2021-07-23 16:14:07,腳,goek3,1,2,88,,2021-05-24 16:44:50
2021-04-26 20:26:56,2021-07-23 16:14:07,下巴,haa6 baa1,2,2,90,,2021-05-27 19:22:26
2021-04-26 20:26:45,2021-07-23 16:14:07,頭,tau4,2,0,96,,2021-05-22 15:56:47
2021-04-20 19:57:09,2021-07-23 16:14:07,嘴,zeoi2,1,2,90,,2021-05-24 16:45:19
2021-04-08 18:59:56,2021-07-23 16:14:07,茂名,Mau6 ming4,1,7,90,,2021-05-27 19:26:02
2021-04-08 18:58:54,2021-07-23 16:14:07,韓文,Hon4 man2,1,5,90,,2021-05-24 16:44:46
2021-04-08 18:58:41,2021-07-23 16:14:07,純熟,seon4 suk6,2,5,86,,2021-05-27 19:29:57
2021-04-08 18:57:44,2021-07-23 16:14:07,杯,bui1,4,1,86,,2021-05-24 16:40:08
2021-04-08 18:56:08,2021-07-23 16:14:07,油,jau4,4,0,100,,2021-05-24 16:40:03
2021-04-08 18:54:04,2021-07-23 16:14:07,荒地,fong1 dei6,2,3,86,low,2021-05-27 19:38:02
2021-04-08 18:53:07,2021-07-23 16:14:07,蛋捲,daan6 gyun2,1,6,90,,2021-05-27 19:22:42
2021-04-08 18:52:37,2021-07-23 16:14:07,北京烤鴨,bak1 ging1 haau1 ngaap3,1,5,90,low,2021-05-27 19:38:26
2021-04-08 18:52:19,2021-07-23 16:14:07,小籠包,siu2 lung4 baau1,1,5,90,,2021-05-24 16:41:33
2021-04-08 18:51:56,2021-07-30 18:25:36,蔥油餅,cung1 jau4 beng2,0,2,88,,2021-05-27 20:03:14
2021-03-31 18:08:59,2021-07-23 16:14:07,沙漠,saa1 mok6,1,6,90,low,2021-05-27 19:38:21
2021-03-31 18:08:41,2021-07-23 16:14:07,駱駝,lok3 to4,1,7,90,,2021-05-27 19:23:28
2021-03-31 18:02:01,2021-07-23 16:14:07,點心,dim2 sam1,4,0,100,,2021-05-24 16:39:58
2021-03-31 17:57:11,2021-07-23 16:14:07,甜品,tim4 ban2,2,5,80,,2021-05-27 19:23:08
2021-03-31 17:56:13,2021-07-23 16:14:07,動物,dung6 mat6,3,2,82,,2021-05-22 15:57:37
2021-03-31 17:54:31,2021-07-23 16:14:07,肥牛,fei4 ngau4,2,4,80,low,2021-05-27 19:37:53
2021-03-31 17:54:13,2021-07-23 16:14:07,嘔,au2,1,5,90,,2021-05-24 16:45:08
2021-03-31 17:53:59,2021-07-23 16:14:07,肥,fei4,3,2,80,,2021-05-24 16:40:22
2021-03-31 17:52:37,2021-07-23 16:14:07,唔理,m4 lei5,6,7,60,veryhigh,2021-08-12 04:07:44
2021-03-26 02:29:36,2021-07-23 16:14:07,好冇,hou2 mou2,0,1,90,,2021-03-26 15:08:36
2021-03-26 02:29:25,2021-07-23 16:14:07,汽水,hei3 seoi2,1,0,100,,2021-03-26 15:06:26
2021-03-26 02:28:29,2021-07-23 16:14:07,上頭,soeng6 tau4,0,1,92,,2021-03-26 15:06:43
2021-03-19 18:03:57,2021-07-23 16:14:07,切,cit3,1,1,84,,2021-03-26 15:01:06
2021-03-19 17:57:37,2021-07-23 16:14:07,聽眾,ting1 zung3,1,1,88,,2021-03-26 15:03:49
2021-03-19 17:55:26,2021-07-23 16:14:07,嘗試,soeng4 si3,0,2,90,,2021-03-26 15:01:27
2021-03-19 17:53:53,2021-07-23 16:14:07,語言,jyu5 jin4,1,1,90,,2021-03-26 15:03:58
2021-03-19 17:51:11,2021-07-23 16:14:07,思考,si1 haau2,0,2,90,,2021-03-26 15:02:22
2021-03-19 17:50:32,2021-07-23 16:14:07,學習,hok6 zaap6,4,11,70,high,2021-08-10 21:35:43
2021-03-19 17:50:02,2021-07-23 16:14:07,方面,fong1 min6,2,0,100,,2021-03-26 15:04:26
2021-03-19 17:49:33,2021-07-23 16:14:07,唔怪得,m4 gwaai3 dak1,0,2,90,,2021-03-26 14:59:18
2021-03-19 17:49:02,2021-07-23 16:14:07,係咪?,hai6 mai5,1,1,90,,2021-03-26 14:58:35
2021-03-19 17:46:57,2021-07-23 16:14:07,察覺,caat3 gok3,0,2,90,,2021-03-26 15:00:11
2021-03-19 17:44:25,2021-07-23 16:14:07,轉左,zyun3 zo2,0,2,90,,2021-03-26 14:58:47
2021-03-19 17:43:26,2021-07-23 16:14:07,直行,zik6 hang4,0,2,90,,2021-03-26 14:59:01
2021-03-16 16:19:33,2021-07-23 16:14:07,熱鬧,jit6 naau6,2,2,90,,2021-03-26 15:03:12
2021-03-16 16:18:21,2021-07-23 16:14:07,分手,fan1 sau2,1,3,90,,2021-03-26 15:00:59
2021-03-16 16:17:43,2021-07-23 16:14:07,通常,tung1 soeng4,2,4,90,high,2021-08-12 04:17:02
2021-03-10 13:42:04,2021-07-23 16:14:07,碗,wun2,2,2,90,,2021-03-26 14:58:40
2021-03-10 13:41:32,2021-07-23 16:14:07,洗手間,sai2 sau2 gaan1,1,3,82,,2021-03-26 15:05:33
2021-03-09 23:10:25,2021-07-23 16:14:07,早唞,zou2 tau2,2,2,90,,2021-03-26 15:02:59
2021-03-09 20:22:44,2021-07-23 16:14:07,公仔麵,gung1 zai2 min6,4,0,100,,2021-03-26 15:04:37
2021-03-09 20:19:26,2021-07-23 16:14:07,搬屋,bun1 uk1,3,1,90,,2021-03-26 15:03:35
2021-03-09 19:29:35,2021-07-23 16:14:07,一下,jat1 haa6,0,0,100,,2021-03-09 19:42:22
2021-03-09 19:28:37,2021-07-23 16:14:07,肉酸,juk6 syun1,1,0,100,,2021-03-16 16:38:44
2021-03-09 19:27:50,2021-07-23 16:14:07,收聲,sau1 seng1,1,0,100,,2021-03-16 16:46:34
2021-03-09 19:27:29,2021-07-23 16:14:07,八婆,baat3 po4,1,0,100,,2021-03-16 16:46:42
2021-03-09 19:25:22,2021-07-23 16:14:07,鬼佬,gwai2 lou2,1,0,100,,2021-03-16 16:38:14
2021-03-09 19:25:09,2021-07-23 16:14:07,遲啲,ci4 di1,1,0,100,,2021-03-16 16:47:04
2021-03-09 19:23:48,2021-07-30 18:24:45,新冠,san1 gun1,2,0,96,veryhigh,2021-08-12 04:08:58
2021-03-09 19:21:04,2021-07-23 16:14:07,聰明,cung1 ming4,1,0,100,,2021-03-16 16:45:58
2021-03-09 19:20:20,2021-07-23 16:14:07,濃密,nung4 mat6,0,0,100,,2021-03-09 19:42:04
2021-03-09 19:18:30,2021-07-23 16:14:07,學科,hok6 fo1,1,0,100,,2021-03-16 16:41:35
2021-03-09 19:17:50,2021-07-23 16:14:07,穆斯林,muk6 si1 lam4,1,3,90,,2021-03-26 15:02:38
2021-03-09 19:16:17,2021-07-23 16:14:07,肚,tou5,2,2,86,,2021-05-27 19:30:07
2021-03-09 19:15:13,2021-07-23 16:14:07,畫畫,waak6 waa2,1,0,100,,2021-03-16 16:47:42
2021-03-09 19:14:33,2021-07-23 16:14:07,老實,lou5 sat6,1,0,100,,2021-03-16 16:48:18
2021-03-09 19:14:07,2021-07-23 16:14:07,櫻花,jing1 faa1,1,0,100,,2021-03-16 16:48:07
2021-03-09 19:12:06,2021-07-23 16:14:07,類,leoi6,1,0,100,,2021-03-16 16:41:27
2021-02-16 20:15:28,2021-07-23 16:14:07,沖涼,cung1 loeng4,3,5,90,high,2021-08-14 16:37:51
2021-02-11 21:33:32,2021-07-23 16:14:07,國際,gwok3 zai3,2,0,100,,2021-03-16 16:32:59
2021-02-11 21:32:37,2021-07-23 16:14:07,見識,gin3 sik1,1,1,90,,2021-03-16 16:23:20
2021-02-11 21:28:12,2021-07-23 16:14:07,氣球,hei3 kau4,1,1,90,,2021-03-16 16:29:21
2021-02-11 21:27:51,2021-07-23 16:14:07,風車,fung1 ce1,2,0,100,,2021-03-16 16:33:07
2021-02-09 21:39:33,2021-08-14 16:12:36,諗,nam2,2,1,90,,2021-08-14 16:39:24
2021-02-09 21:38:43,2021-07-23 16:14:07,冇事,mou5 si6,4,0,100,,2021-05-24 16:40:16
2021-02-09 21:38:30,2021-07-23 16:14:07,醫院,ji1 jyun2,1,0,100,,2021-03-16 16:47:54
2021-02-09 21:38:15,2021-07-23 16:14:07,同埋,tung4 maai4,1,0,100,,2021-03-16 16:46:16
2021-02-09 21:38:01,2021-07-23 16:14:07,發現,faat3 jin6,1,1,90,,2021-03-16 16:27:44
2021-02-09 21:36:15,2021-07-23 16:14:07,早啲,zou2 di1,1,1,90,,2021-03-16 16:28:33
2021-02-09 21:33:04,2021-07-23 16:14:07,好彩,hou2 coi2,1,1,90,,2021-03-16 16:25:46
2021-02-09 21:31:19,2021-07-23 16:14:07,呢幾日,ni1 gei2 jat6,1,1,90,,2021-03-16 16:28:03
2021-02-09 21:29:54,2021-07-23 16:14:07,醫生,ji1 sang1,2,0,100,,2021-03-16 16:22:53
2021-02-09 21:28:49,2021-07-23 16:14:07,即刻,zik1 hak1,1,0,100,,2021-03-16 16:38:26
2021-02-09 21:25:36,2021-07-23 16:14:07,新冠狀病毒,san1 gun1 zong6 beng6 duk6,1,1,90,,2021-03-16 16:30:45
2021-02-09 21:23:08,2021-07-23 16:14:07,喉嚨痛,hau4 lung4 tung3,1,0,100,,2021-03-16 16:47:36
2021-02-09 21:22:07,2021-07-23 16:14:07,今朝,gam1 ziu1,2,0,100,,2021-03-16 16:32:29
2021-02-09 21:21:52,2021-07-23 16:14:07,資格,zi1 gaak3,1,1,90,,2021-03-16 16:26:20
2021-02-09 21:14:12,2021-07-23 16:14:07,取消,ceoi2 siu1,1,1,90,,2021-03-16 16:23:05
2021-02-09 21:09:22,2021-07-23 16:14:07,賺錢,zaan6 cin2,1,0,100,,2021-03-16 16:41:06
2021-02-09 21:08:32,2021-07-23 16:14:07,放飛機,fong3 fei1 gei1,1,1,90,,2021-03-16 16:31:03
2021-02-09 21:04:08,2021-07-23 16:14:07,一條褲,jat1 tiu4 fu3,0,0,100,,2021-02-12 23:17:27
2021-02-09 15:41:07,2021-07-23 16:14:07,唔該嗮,m4 goi1 saai3,3,1,90,,2021-03-16 16:32:38
2021-02-09 15:40:22,2021-07-23 16:14:07,畀錢,bei2 cin2,4,0,100,,2021-03-16 16:21:52
2021-02-09 15:39:51,2021-07-23 16:14:07,收銀台,sau1 ngan2 toi4,1,3,90,,2021-03-16 16:22:02
2021-02-09 15:39:01,2021-07-23 16:14:07,麻煩,maa4 faan4,4,0,100,,2021-03-16 16:25:53
2021-02-09 15:38:38,2021-07-23 16:14:07,中碼,zung1 maa5,4,0,100,,2021-03-16 16:30:29
2021-02-09 15:38:01,2021-07-23 16:14:07,啱,ngaam1,3,1,90,,2021-03-16 16:28:22
2021-02-09 15:37:43,2021-07-23 16:14:07,客人,haak3 jan4,4,0,100,,2021-03-16 16:28:11
2021-02-09 15:37:26,2021-07-23 16:14:07,歡迎光臨,fun1 jing4 gwong1 lam4,3,1,90,,2021-03-16 16:22:27
2021-02-09 15:37:08,2021-07-23 16:14:07,照顧,ziu3 gu3,3,1,90,,2021-03-16 16:29:35
2021-02-09 15:36:53,2021-07-23 16:14:07,輸,syu1,2,2,90,,2021-03-16 16:22:35
2021-01-27 14:24:36,2021-07-23 16:14:07,甜甜圈,tim4 tim4 hyun1,1,1,90,,2021-02-09 16:25:14
2021-01-27 14:23:11,2021-07-23 16:14:07,想要,soeng2 jiu3,0,1,90,,2021-02-09 16:33:31
2021-01-27 14:23:00,2021-07-23 16:14:07,太,taai3,0,1,90,,2021-02-09 16:35:05
2021-01-27 14:22:50,2021-07-23 16:14:07,花錢,faa1 cin2,0,2,92,,2021-02-09 16:25:46
2021-01-27 14:22:32,2021-07-23 16:14:07,百貨公司,baak3 fo3 gung1 si1,1,1,90,,2021-02-09 16:27:58
2021-01-27 14:20:37,2021-07-23 16:14:07,奶,naai5,2,0,100,,2021-02-09 16:21:05
2021-01-27 14:20:11,2021-07-23 16:14:07,太陽眼鏡,taai3 joeng4 ngaan5 geng2,0,1,90,,2021-02-09 16:48:10
2021-01-27 14:19:10,2021-07-23 16:14:07,尺寸,cek3 cyun3,0,1,90,,2021-02-09 16:48:53
2021-01-27 13:41:01,2021-07-23 16:14:07,售貨員,sau6 fo3 jyun4,0,1,90,,2021-02-09 16:49:24
2021-01-26 21:35:45,2021-07-23 16:14:07,加上,gaa1 soeng5,1,1,90,,2021-02-09 16:20:17
2021-01-26 21:35:28,2021-07-23 16:14:07,每日,mui5 jat6,0,2,88,,2021-02-09 16:22:34
2021-01-26 21:35:09,2021-07-23 16:14:07,生活,sang1 wut6,0,1,90,,2021-02-09 16:34:28
2021-01-26 21:34:28,2021-07-23 16:14:07,第時,dai6 si4,0,2,90,,2021-02-09 15:58:21
2021-01-26 21:33:09,2021-07-23 16:14:07,厾,duk1,0,2,92,,2021-02-09 16:08:53
2021-01-26 21:32:35,2021-07-23 16:14:07,壓力,aat3 lik6,0,1,90,,2021-02-09 16:33:41
2021-01-26 21:32:21,2021-07-23 16:14:07,疫情,jik6 cing4,0,2,90,,2021-02-09 15:56:56
2021-01-26 21:30:27,2021-07-23 16:14:07,護士,wu6 si6,1,1,90,,2021-02-09 16:24:13
2021-01-26 21:29:54,2021-07-23 16:14:07,長,coeng4,0,2,90,,2021-02-09 16:13:26
2021-01-26 21:29:41,2021-07-23 16:14:07,生意人,saang1 ji3 jan4,1,1,90,,2021-02-09 16:32:44
2021-01-26 21:28:31,2021-07-23 16:14:07,今晚,gam1 maan5,0,2,90,,2021-02-09 16:26:50
2021-01-26 21:28:07,2021-07-23 16:14:07,巴士站,baa1 si6 zaam6,1,1,90,,2021-02-09 16:27:10
2021-01-26 21:27:48,2021-07-23 16:14:07,瞓醒,fan3 seng2,0,1,90,,2021-02-09 16:34:15
2021-01-26 18:12:16,2021-07-23 16:14:07,折扣,zit3 kau3,0,1,90,,2021-02-09 16:34:42
2021-01-26 18:11:51,2021-07-23 16:14:07,價錢,gaa3 cin2,0,2,92,,2021-02-09 16:13:49
2021-01-26 18:11:39,2021-07-23 16:14:07,運費,wan6 fai3,0,2,90,,2021-02-09 16:25:31
2021-01-20 17:10:45,2021-07-23 16:14:07,決定,kyut3 ding6,0,3,90,,2021-02-09 16:20:57
2021-01-20 17:10:30,2021-07-23 16:14:07,結果,git3 gwo2,0,3,90,,2021-02-09 16:21:57
2021-01-20 17:10:17,2021-07-23 16:14:07,堅持,gin1 ci4,0,3,90,,2021-02-09 16:20:35
2021-01-20 17:10:02,2021-07-23 16:14:07,放棄,fong3 hei3,1,2,80,,2021-02-09 16:30:39
2021-01-20 17:08:59,2021-07-23 16:14:07,贏,jeng4,4,0,100,,2021-05-27 19:20:01
2021-01-20 17:05:44,2021-07-23 16:14:07,嗰陣,go2 zan6,1,2,80,,2021-02-09 16:28:29
2021-01-20 17:05:16,2021-07-23 16:14:07,落嚟,lok6 lai4,0,3,90,,2021-02-09 15:57:24
2021-01-20 17:04:19,2021-07-23 16:14:07,一直,jat1 zik6,2,1,90,,2021-02-09 16:09:10
2021-01-20 17:04:06,2021-07-23 16:14:07,雖然,seoi1 jin4,0,2,90,,2021-02-09 16:24:03
2021-01-20 17:03:43,2021-07-23 16:14:07,比賽,bei2 coi3,2,1,86,,2021-02-09 16:32:09
2021-01-20 17:03:31,2021-07-30 18:23:57,小白兔,siu2 baak6 tou3,1,1,90,,2021-02-09 16:28:59
2021-01-20 17:01:52,2021-07-23 16:14:07,方便麵,fong1 bin6 min6,3,0,100,,2021-02-09 16:32:29
2021-01-20 17:01:36,2021-07-23 16:14:07,指示,zi2 si6,0,2,90,,2021-02-09 15:55:27
2021-01-20 17:00:36,2021-07-23 16:14:07,按照,on3 ziu3,1,2,80,,2021-02-09 16:30:28
2021-01-20 17:00:06,2021-08-01 12:23:13,揀,gaan2,4,3,80,high,2021-08-12 14:20:08
2021-01-20 16:58:46,2021-07-23 16:14:07,位置,wai6 zi3,3,0,100,,2021-02-09 16:30:57
2021-01-20 16:58:32,2021-07-23 16:14:07,清楚,cing1 co2,0,3,90,,2021-02-09 15:57:49
2021-01-20 16:58:19,2021-07-23 16:14:07,冇耐,mou5 noi6,0,2,90,,2021-02-09 16:24:29
2021-01-20 16:57:11,2021-07-23 16:14:07,開會,hoi1 wui2,1,2,90,,2021-02-09 16:28:12
2021-01-20 16:56:49,2021-07-23 16:14:07,上晝,soeng6 zau3,1,2,90,,2021-02-09 15:58:41
2021-01-20 16:55:56,2021-07-23 16:14:07,下晝,haa6 zau3,1,1,86,,2021-02-09 16:22:16
2021-01-20 16:55:01,2021-07-23 16:14:07,經理,ging1 lei5,0,1,92,,2021-02-09 16:48:42
2021-01-19 16:48:01,2021-07-23 16:14:07,之後,zi1 hau6,3,3,86,,2021-05-27 19:29:32
2021-01-19 16:44:07,2021-07-23 16:14:07,亦都,jik6 dou1,0,2,90,,2021-02-09 16:27:28
2021-01-06 20:05:45,2021-07-23 16:14:07,離婚,lei4 fan1,1,2,80,,2021-05-27 20:17:18
2021-01-06 20:05:35,2021-07-23 16:14:07,結婚,git3 fan1,0,3,90,,2021-04-13 21:06:40
2021-01-06 20:05:22,2021-07-23 16:14:07,員工,jyun4 gung1,1,2,80,,2021-05-27 20:16:42
2021-01-06 20:05:07,2021-07-23 16:14:07,低級,dai1 kap1,1,1,90,,2021-04-11 16:49:06
2021-01-06 20:02:44,2021-07-23 16:14:07,多數,do1 sou3,1,2,78,,2021-04-28 15:18:22
2021-01-06 20:02:24,2021-07-23 16:14:07,原因,jyun4 jan1,1,2,80,,2021-04-28 15:18:32
2021-01-06 20:00:32,2021-07-23 16:14:07,步步高陞,bou6 bou6 gou1 sing1,1,1,90,,2021-04-11 16:51:40
2021-01-06 20:00:09,2021-07-23 16:14:07,常常,soeng4 soeng4,1,2,80,,2021-05-27 20:17:05
2021-01-06 19:59:21,2021-07-23 16:14:07,萬事如意,maan6 si6 jyu4 ji3,1,2,80,,2021-04-28 15:19:13
2021-01-06 19:50:54,2021-07-23 16:14:07,身體健康,san1 tai2 gin6 hong1,1,2,80,,2021-05-27 20:10:40
2021-01-06 19:50:31,2021-07-23 16:14:07,新年快樂,san1 nin4 faai3 lok6,1,2,80,,2021-04-28 15:18:55
2021-01-06 18:16:38,2021-07-23 16:14:07,講嘢,gong2 je5,1,2,80,,2021-05-27 20:15:39
2021-01-06 18:16:15,2021-07-23 16:14:07,識得,sik1 dak1,3,2,80,,2021-04-28 19:04:49
2021-01-06 18:15:56,2021-07-23 16:14:07,品味,ban2 mei6,1,4,90,,2021-04-13 21:07:23
2021-01-06 18:15:12,2021-07-23 16:14:07,廚師,cyu4 si1,2,3,80,,2021-05-27 20:15:19
2021-01-06 18:14:44,2021-07-23 16:14:07,出色,ceot1 sik1,3,2,80,,2021-05-27 20:16:52
2021-01-06 18:14:26,2021-07-23 16:14:07,非常,fei1 soeng4,5,10,60,veryhigh,2021-08-12 03:12:24
2021-01-06 18:14:07,2021-07-23 16:14:07,煮,zyu2,3,2,90,,2021-04-13 21:08:17
2021-01-06 18:13:20,2021-07-23 16:14:07,搞笑,gaau2 siu3,2,2,80,,2021-04-11 16:51:07
2021-01-06 18:12:22,2021-07-23 16:14:07,更加,gang3 gaa1,1,2,80,,2021-05-27 20:17:29
2020-12-24 03:56:56,2021-07-23 16:14:07,鹹濕,haam4 sap1,2,3,80,,2021-05-27 20:15:04
2020-12-24 03:51:56,2021-07-23 16:14:07,嘈喧巴閉,cou4 hyun1 baa1 bai3,4,8,58,high,2021-08-12 13:47:19
2020-12-24 03:50:57,2021-07-23 16:14:07,扮蟹,baan6 haai5,0,3,90,,2021-04-13 21:07:46
2020-12-24 03:50:31,2021-07-23 16:14:07,老虎,lou5 fu2,1,2,80,,2021-05-27 19:46:49
2020-12-24 03:48:13,2021-07-23 16:14:07,姣婆,haau4 po4,3,2,80,,2021-04-28 19:05:10
2020-12-24 03:43:15,2021-07-23 16:14:07,會,wui2,3,2,80,,2021-06-10 20:59:18
2020-12-24 03:43:00,2021-07-23 16:14:07,車死,ce1 sei2,2,3,80,,2021-05-27 20:17:38
2020-12-24 03:41:49,2021-07-23 16:14:07,第二度,dai6 ji6 dou6,1,2,80,,2021-05-27 19:47:46
2020-12-24 03:41:26,2021-07-23 16:14:07,不如,bat1 jyu4,5,8,60,high,2021-08-13 15:21:12
2020-12-24 03:40:35,2021-07-23 16:14:07,等一等,dang2 jat1 dang2,6,7,72,high,2021-08-10 21:36:32
2020-12-24 03:40:23,2021-07-23 16:14:07,嘔吐,au2 tou3,2,3,80,,2021-05-27 19:48:20
2020-12-24 03:40:04,2021-07-23 16:14:07,雞脾,gai1 bei2,1,1,90,low,2021-04-11 16:51:23
2020-12-24 03:39:42,2021-07-23 16:14:07,蜂蜜,fung1 mat6,3,2,80,,2021-05-27 19:48:04
2020-12-24 03:39:22,2021-07-23 16:14:07,樓梯,lau4 tai1,1,2,80,,2021-05-27 20:12:39
2020-12-24 03:38:21,2021-07-23 16:14:07,睇見,tai2 gin3,1,2,80,,2021-05-27 20:16:14
2020-12-24 03:37:40,2021-07-23 16:14:07,慢,maan6,2,3,80,,2021-05-27 20:14:48
2020-12-24 03:37:30,2021-07-23 16:14:07,海鮮,hoi2 sin1,3,0,104,,2021-01-19 17:58:17
2020-12-24 03:26:52,2021-07-23 16:14:07,剪頭髮,zin2 tau4 faat3,2,3,80,,2021-05-27 20:11:05
2020-12-09 17:29:14,2021-07-23 16:14:07,午餐,ng5 caan1,4,3,80,,2021-05-27 19:47:15
2020-12-09 17:28:58,2021-07-23 16:14:07,洗衫,sai2 saam1,3,5,70,,2021-04-13 21:10:50
2020-12-09 17:28:43,2021-07-23 16:14:07,電子郵件,din6 zi2 jau4 gin2,4,3,80,,2021-08-14 01:05:45
2020-12-09 17:28:27,2021-07-23 16:14:07,檢查,gim2 caa4,2,7,80,,2021-03-16 16:25:40
2020-12-09 17:27:40,2021-07-23 16:14:07,好耐冇見,hou2 noi6 mou5 gin3,6,12,50,high,2021-08-12 13:48:25
2020-12-09 17:27:08,2021-07-23 16:14:07,刷牙,caat3 ngaa4,6,13,50,high,2021-08-13 15:40:53
2020-12-09 17:26:27,2021-07-23 16:14:07,比,bei2,4,0,100,,2021-01-06 18:28:18
2020-12-09 17:24:36,2021-07-23 16:14:07,傾,king1,5,0,100,,2021-04-26 21:38:10
2020-12-09 17:22:36,2021-07-23 16:14:07,食煙,sik6 jin1,3,5,90,,2021-05-27 20:15:58
2020-12-09 17:22:02,2021-07-23 16:14:07,襯,can3,4,3,76,,2021-08-14 01:04:52
2020-12-09 17:21:20,2021-07-23 16:14:07,外套,ngoi6 tou3,2,6,70,,2021-04-13 21:20:43
2020-12-09 17:19:41,2021-07-23 16:14:07,做得好,zou6 dak1 hou2,5,2,90,,2021-08-14 01:05:16
2020-12-09 17:18:45,2021-07-23 16:14:07,精神,zing1 san4,3,4,70,,2021-04-13 21:11:09
2020-12-09 17:18:17,2021-07-23 16:14:07,笑容,siu3 jung4,4,3,80,,2021-08-14 01:06:03
2020-11-25 14:53:10,2021-07-23 16:14:07,唔得,m4 dak1,2,1,90,veryhigh,2021-08-08 22:23:25
2020-11-25 14:51:58,2021-07-23 16:14:07,掛住,gwaa3 zyu6,0,2,90,high,2021-08-14 15:35:29
2020-11-25 14:47:41,2021-07-23 16:14:07,驚,ging1,1,1,90,,2021-03-16 16:31:23
2020-11-25 14:43:06,2021-07-23 16:14:07,一切,jat1 cai3,2,3,80,veryhigh,2021-08-10 21:39:47
2020-11-25 14:42:53,2021-07-23 16:14:07,期望,kei4 mong6,0,2,90,high,2021-08-14 15:35:42
2020-11-25 14:42:08,2021-07-23 16:14:07,介意,gaai3 ji3,1,8,90,veryhigh,2021-08-13 15:36:24
2020-11-25 14:41:54,2021-07-23 16:14:07,覺得,gok3 dak1,9,4,60,veryhigh,2021-08-09 00:38:50
2020-11-18 04:18:03,2021-07-23 16:14:07,推薦,teoi1 zin3,0,2,90,high,2021-08-14 15:34:36
2020-11-18 04:17:05,2021-07-23 16:14:07,嗰度,go2 dou6,3,4,90,veryhigh,2021-08-09 14:39:35
2020-11-18 04:12:33,2021-07-28 18:35:29,傾計,king1 gai2,0,6,90,veryhigh,2021-08-14 16:37:16
2020-11-18 04:11:09,2021-07-23 16:14:07,自己,zi6 gei2,4,15,60,veryhigh,2021-08-10 21:38:17
2020-11-18 04:07:53,2021-07-23 16:14:07,落雨,lok6 jyu5,0,2,90,high,2021-08-14 15:34:45
2020-11-18 04:07:00,2021-07-23 16:14:07,成日,sing4 jat6,3,3,80,,2021-06-08 16:45:41
2020-11-18 04:05:46,2021-07-23 16:14:07,嘢食,je5 sik6,3,2,80,,2021-05-27 20:18:01
2020-11-18 04:04:05,2021-07-23 16:14:07,最愛,zeoi3 oi3,3,5,80,veryhigh,2021-08-09 00:41:01
2020-11-18 03:57:20,2021-07-23 16:14:07,夜晚,je6 maan5,1,3,90,,2021-03-26 15:01:16
2020-11-18 03:56:58,2021-07-23 16:14:07,中午,zung1 ng5,3,0,100,,2021-03-20 17:05:28
2020-11-18 03:55:50,2021-08-14 16:00:28,朝早,ziu1 zou2,0,2,92,,2021-09-01 19:45:29
2020-11-18 03:55:08,2021-07-23 16:14:07,柿子,ci5 zi2,0,7,90,high,2021-08-13 15:39:49
2020-11-18 03:54:44,2021-08-14 15:59:30,青蘋果,ceng1 ping4 gwo2,0,2,90,,2021-09-01 19:45:08
2020-11-17 20:04:22,2021-07-23 16:14:07,介紹,gaai3 siu6,1,11,80,veryhigh,2021-08-14 16:36:41
2020-11-17 19:54:35,2021-08-14 15:59:20,訂,ding3,1,1,90,,2021-09-01 19:46:26
2020-11-17 19:54:23,2021-08-14 15:59:07,枱,toi4,0,2,90,,2021-09-01 19:45:38
2020-11-04 16:28:05,2021-08-14 15:58:59,酸奶,syun1 naai5,0,0,100,,2021-09-01 19:46:58
2020-11-04 16:27:05,2021-07-23 16:14:07,工程,gung1 cing4,2,7,80,veryhigh,2021-08-12 04:08:28
2020-11-04 16:25:47,2021-08-14 15:57:53,葡萄牙,pou4 tou4 ngaa4,0,3,90,,2021-09-01 19:46:35
2020-11-04 16:25:11,2021-08-14 15:57:46,護照,wu6 ziu3,0,2,90,,2021-09-01 19:45:19
2020-11-04 16:21:55,2021-08-14 15:57:27,雨傘,jyu5 saan3,1,2,90,,2021-09-01 19:46:38
2020-11-04 16:20:53,2021-08-14 15:57:15,企鵝,kei5 ngo2,0,2,90,,2021-09-01 19:48:01
2020-11-04 01:10:01,2021-07-23 16:14:07,魚蛋,jyu4 daan2,0,0,100,low,1970-01-01 00:00:00
2020-11-04 01:09:07,2021-08-03 12:53:20,返屋企,faan1 uk1 kei2,2,2,90,high,2021-08-12 13:50:37
2020-11-04 01:07:24,2021-07-23 16:14:07,得閒,dak1 haan4,1,0,100,,2021-03-16 16:46:55
2020-11-04 01:06:55,2021-08-03 12:53:35,食晏,sik6 aan3,1,0,96,,2021-08-06 19:00:04
2020-11-04 01:05:23,2021-08-14 15:56:47,晏晝飯,aan3 zau3 faan6,1,2,90,,2021-09-01 19:46:41
2020-11-04 01:04:15,2021-07-23 16:14:07,一齊,jat1 cai4,1,5,90,veryhigh,2021-08-14 16:36:53
2020-11-04 01:03:04,2021-08-14 15:56:23,見得,gin3 dak1,1,2,90,,2021-09-01 19:46:31
2020-11-04 01:02:08,2021-07-23 16:14:07,錯,co3,3,4,92,veryhigh,2021-08-09 14:39:47
2020-11-04 01:00:42,2021-08-03 12:55:06,總數,zung2 sou3,1,2,90,,2021-08-06 18:49:24
2020-11-04 00:59:50,2021-07-23 16:14:07,睇吓,tai2 haa3,2,7,80,veryhigh,2021-08-14 16:37:10
2020-11-04 00:58:22,2021-08-14 15:56:13,巴士,baa1 si2,1,1,90,,2021-09-01 19:46:25
2020-10-28 20:30:21,2021-07-23 16:14:07,冇可能,mou5 ho2 nang4,3,3,90,veryhigh,2021-08-09 00:41:46
2020-10-28 20:29:58,2021-07-23 16:14:07,嵗,seoi3,4,4,70,veryhigh,2021-08-10 21:40:17
2020-10-28 20:29:48,2021-08-14 15:56:08,牛扒,ngau4 paa2,0,2,90,,2021-09-01 19:45:43
2020-10-28 20:29:06,2021-08-14 15:55:33,牛肉,ngau4 juk6,1,1,90,,2021-09-01 19:46:03
2020-10-27 23:06:54,2021-08-03 12:55:06,寫完,se2 jyun4,1,3,90,,2021-08-08 22:09:57
2020-10-27 23:06:30,2021-08-03 12:55:06,駕駛證,gaa3 sai2 zing3,0,2,90,,2021-08-08 22:11:14
2020-10-27 23:06:03,2021-08-03 12:55:06,身份證,san1 fan6 zing3,0,5,90,,2021-08-08 22:16:45
2020-10-27 23:04:46,2021-07-23 16:14:07,定係,ding6 hai6,6,6,76,veryhigh,2021-08-09 00:41:59
2020-10-27 23:03:46,2021-07-23 16:14:07,一啲啲,jat1 di1 di1,3,2,80,high,2021-08-13 15:21:18
2020-10-27 23:02:55,2021-08-03 12:55:06,老婆,lou5 po4,1,2,90,,2021-08-06 18:58:29
2020-10-27 22:54:03,2021-08-03 12:55:06,動作片,dung6 zok3 pin2,0,4,90,,2021-08-08 22:09:44
2020-10-27 22:53:39,2021-08-03 12:55:06,喜劇,hei2 kek6,0,5,90,,2021-08-08 22:18:49
2020-10-27 22:52:48,2021-08-03 12:55:06,音樂劇,jam1 ngok6 kek6,1,0,100,,2021-08-08 22:19:22
2020-10-27 22:52:26,2021-08-03 12:55:06,愛情片,oi3 cing4 pin2,1,1,90,,2021-08-05 15:41:18
2020-10-27 22:50:53,2021-08-01 13:10:26,奇幻片,kei4 waan6 pin2,1,5,90,,2021-08-08 22:16:41
2020-10-27 22:50:16,2021-08-02 19:50:07,科幻片,fo1 waan6 pin2,1,3,90,,2021-08-06 18:53:39
2020-10-27 22:49:04,2021-07-23 16:14:07,餐館,caan1 gun2,0,7,90,high,2021-08-13 15:41:00
2020-10-27 22:48:48,2021-08-01 13:10:04,號碼,hou6 maa5,1,3,90,,2021-08-06 18:49:17
2020-10-27 22:48:15,2021-07-23 16:14:07,的士,dik1 si2,1,7,90,high,2021-08-14 16:37:21
2020-10-27 22:46:04,2021-08-01 13:08:47,埋單,maai4 daan1,1,3,90,,2021-08-06 18:54:08
2020-10-27 22:43:38,2021-07-23 16:14:07,唔該,m4 goi1,2,0,100,,2021-03-16 16:27:53
2020-10-27 22:43:09,2021-08-14 15:55:27,退房,teoi3 fong2,1,2,90,,2021-09-01 19:46:43
2020-10-27 22:40:10,2021-07-23 16:14:07,嘈,cou4,2,3,90,high,2021-08-12 03:44:04
2020-10-27 22:39:22,2021-08-14 15:55:09,塞,sak1,0,2,90,,2021-09-01 19:45:35
2020-10-27 22:39:15,2021-07-23 16:14:07,咗,zo2,3,0,100,veryhigh,2021-07-24 13:23:17
2020-10-27 22:38:54,2021-08-01 13:07:01,坑渠,haang1 keoi4,1,3,90,,2021-08-06 18:53:20
2020-10-27 22:37:56,2021-07-23 16:14:07,幾點,gei2 dim2,4,2,80,veryhigh,2021-08-09 00:41:51
2020-10-27 22:37:32,2021-08-01 13:06:49,唔記得,m4 gei3 dak1,1,3,90,,2021-08-06 18:52:46
2020-10-27 22:35:23,2021-08-01 13:06:23,收據,sau1 geoi3,1,3,90,,2021-08-06 18:45:42
2020-10-27 22:34:14,2021-08-01 13:05:56,賬單,zoeng3 daan1,1,4,90,,2021-08-08 22:10:34
2020-10-27 22:33:19,2021-08-01 13:05:36,幫,bong1,2,0,100,high,2021-08-05 15:27:54
2020-10-27 22:32:49,2021-07-23 16:14:07,對唔住,deoi3 m4 zyu6,0,1,90,,2021-03-26 15:08:21
2020-10-27 19:08:08,2021-08-01 13:05:20,水龍頭,seoi2 lung4 tau4,1,4,90,,2021-08-08 22:09:33
2020-10-27 17:36:31,2021-08-01 13:05:10,地方,dei6 fong1,1,3,90,,2021-08-06 18:46:23
2020-10-27 17:28:36,2021-07-23 16:14:07,讀,duk6,0,2,92,,2021-02-09 16:23:40
2020-10-27 16:04:35,2021-08-01 13:05:06,間房,gaan3 fong2,0,6,90,,2021-08-08 22:16:53
2020-10-27 15:58:29,2021-07-23 16:14:07,禮拜,lai5 baai3,3,4,90,veryhigh,2021-08-09 14:39:43
2020-10-27 15:57:39,2021-08-01 13:04:50,小姐,siu2 ze2,2,0,100,,2021-08-05 15:47:28
2020-10-27 15:57:19,2021-08-01 13:04:42,太太,taai3 taai2,1,2,90,,2021-08-05 15:47:09
2020-10-27 15:57:04,2021-08-01 13:04:35,丈夫,zoeng6 fu1,0,5,90,,2021-08-08 22:09:17
2020-10-07 13:33:58,2021-07-23 16:14:07,成為,sing4 wai4,1,7,90,high,2021-08-14 16:37:39
2020-10-07 13:32:36,2021-07-23 16:14:07,總統,zung2 tung2,1,5,90,high,2021-08-12 04:10:37
2020-10-07 13:32:22,2021-08-01 13:04:29,袜,mat6,1,2,80,,2021-08-08 22:15:51
2020-09-30 16:19:32,2021-08-03 12:55:06,報紙,bou3 zi2,0,4,90,,2021-08-08 22:10:44
2020-09-30 16:19:13,2021-08-03 12:55:06,筆,bat1,0,1,90,,2021-08-08 22:18:53
2020-09-30 16:18:40,2021-07-23 16:14:07,筷子,faai3 zi2,2,4,80,high,2021-08-13 15:38:25
2020-09-30 16:18:26,2021-08-03 12:55:06,飛機,fei1 gei1,2,0,100,,2021-08-08 22:15:31
2020-09-30 16:18:03,2021-08-03 12:55:06,二月,ji6 jyut6,2,2,90,high,2021-08-12 13:50:54
2020-09-30 16:17:18,2021-07-23 16:14:07,年,nin4,2,0,100,high,2021-07-24 14:03:02
2020-09-30 16:16:51,2021-07-23 16:14:07,月餅,jyut6 beng2,2,5,80,,2021-05-24 16:41:38
2020-09-30 16:15:44,2021-08-03 12:55:06,中秋節,zung1 cau1 zit3,1,1,90,,2021-08-05 15:40:54
2020-09-28 17:26:21,2021-08-03 12:55:06,等一下,dang2 jat1 haa6,2,2,90,high,2021-08-12 13:51:05
2020-09-28 17:25:49,2021-08-03 12:55:06,一張,jat1 zoeng1,3,3,76,high,2021-08-14 16:37:34
2020-09-28 17:24:53,2021-08-03 12:55:06,魔術,mo1 seot6,0,4,90,,2021-08-08 22:14:57
2020-09-28 17:24:37,2021-08-03 12:55:06,信封,seon3 fung1,0,1,90,low,2021-08-08 22:19:42
2020-08-28 15:57:10,2021-07-23 16:14:07,經濟,ging1 zai3,3,1,90,low,2020-12-02 17:48:20
2020-08-28 15:55:43,2021-07-23 16:14:07,哥哥,go4 go1,4,1,90,,2021-06-10 21:01:49
2020-08-28 15:55:21,2021-07-23 16:14:07,股票,gu2 piu3,2,5,70,,2021-03-21 00:59:40
2020-08-28 15:54:20,2021-07-23 16:14:07,榴蓮,lau4 lin4,3,2,84,,2021-03-16 18:26:55
2020-08-27 12:44:59,2021-07-23 16:14:07,長頸鹿,coeng4 geng2 luk2,2,5,70,,2021-03-21 01:01:35
2020-08-27 12:44:05,2021-07-23 16:14:07,子女,zi2 neoi5,3,4,80,,2021-03-16 16:55:28
2020-08-27 12:43:41,2021-07-23 16:14:07,媽媽,maa1 maa1,3,4,70,,2021-04-11 16:52:42
2020-08-27 12:43:33,2021-07-23 16:14:07,草,cou2,3,4,70,,2021-03-20 17:09:32
2020-08-27 12:43:22,2021-07-23 16:14:07,山羊,saan1 joeng4,3,5,82,,2021-06-03 03:35:02
2020-08-27 12:42:54,2021-07-23 16:14:07,線,sin3,4,2,90,,2021-03-16 18:26:43
2020-08-27 12:42:19,2021-07-23 16:14:07,貓,maau1,3,3,90,,2021-03-16 17:25:36
2020-08-27 12:41:47,2021-07-23 16:14:07,寫,se2,4,3,74,,2021-03-24 22:31:28
2020-08-27 12:41:32,2021-07-23 16:14:07,正在,zing3 zoi6,2,6,62,,2021-06-03 03:38:20
2020-08-27 12:41:10,2021-07-23 16:14:07,皮球,pei4 kau4,3,2,80,,2021-06-10 20:59:32
2020-08-27 12:40:54,2021-07-23 16:14:07,追,zeoi1,4,1,90,,2021-05-27 18:51:22
2020-08-27 12:32:43,2021-07-23 16:14:07,毛鬙鬙,mou4 sang4 sang4,2,5,68,,2021-02-07 20:01:29
2020-08-27 12:19:49,2021-07-23 16:14:07,草坪,cou2 ping4,2,5,80,,2021-04-13 21:04:36
2020-08-27 12:19:33,2021-07-23 16:14:07,馬,maa5,4,2,92,,2021-03-16 18:26:46
2020-08-27 12:19:06,2021-07-23 16:14:07,眼鏡,ngaan5 geng2,3,4,68,,2021-03-16 16:55:47
2020-08-22 15:56:06,2021-07-23 16:14:07,白人,baak6 jan4,4,0,100,,2021-02-07 19:58:46
2020-08-22 15:55:48,2021-07-23 16:14:07,點解,dim2 gaai2,5,9,58,veryhigh,2021-08-10 21:38:34
2020-08-22 15:55:30,2021-07-23 16:14:07,拎,ling1,1,7,80,,2021-06-03 03:36:51
2020-08-22 15:53:45,2021-07-23 16:14:07,香水,hoeng1 seoi2,3,2,80,,2021-03-23 14:48:53
2020-08-22 15:53:34,2021-07-23 16:14:07,頭髮,tau4 faat3,3,4,70,,2021-03-16 18:27:25
2020-08-22 15:53:15,2021-07-23 16:14:07,公主,gung1 zyu2,4,2,88,,2021-06-03 03:34:06
2020-08-22 15:51:54,2021-07-23 16:14:07,剪髮,zin2 faat3,2,5,68,,2021-03-21 00:59:54
2020-08-22 15:50:54,2021-07-23 16:14:07,爸爸,baa4 baa1,4,0,100,,2021-02-07 19:58:57
2020-08-22 15:50:38,2021-07-23 16:14:07,先生,sin1 saang1,2,4,80,,2021-03-16 17:25:29
2020-08-22 15:49:27,2021-07-23 16:14:07,戇,ngong6,2,5,70,,2021-03-21 00:58:15
2020-08-22 15:47:28,2021-07-23 16:14:07,烏龜,wu1 gwai1,4,4,64,,2021-05-28 00:07:22
2020-08-22 15:46:24,2021-07-23 16:14:07,游水池,jau4 seoi2 ci4,3,2,80,,2021-08-13 15:22:36
2020-08-19 17:27:08,2021-07-23 16:14:07,大笨象,daai6 ban6 zoeng6,2,6,70,,2021-08-13 15:42:23
2020-08-03 18:47:34,2021-07-23 16:14:07,禮拜六,lai5 baai3 luk6,4,0,100,,2020-12-02 18:10:09
2020-08-03 18:47:03,2021-07-23 16:14:07,禮拜五,lai5 baai3 ng5,6,2,80,,2021-04-13 21:10:07
2020-08-03 18:45:58,2021-07-23 16:14:07,禮拜三,lai5 baai3 saam1,4,2,90,,2020-12-02 18:06:47
2020-08-03 18:45:51,2021-07-23 16:14:07,禮拜二,lai5 baai3 ji6,4,6,56,,2021-04-11 03:30:07
2020-08-03 18:43:50,2021-07-23 16:14:07,禮拜一,lai5 baai3 jat1,4,7,50,,2021-03-21 01:00:23
2020-07-31 13:37:51,2021-07-23 16:14:07,海馬,hoi2 maa5,4,1,90,,2020-11-30 19:09:35
2020-07-31 13:37:37,2021-07-23 16:14:07,鏡,geng3,4,2,88,,2020-12-02 13:24:20
2020-07-31 13:36:35,2021-07-23 16:14:07,白雲,baak6 wan4,4,5,60,,2021-03-16 17:10:39
2020-07-31 13:36:32,2021-07-23 16:14:07,藍天,laam4 tin1,6,3,80,,2021-06-03 03:37:55
2020-07-31 13:35:30,2021-07-23 16:14:07,蘿卜,lo4 baak6,4,8,50,,2021-03-26 14:52:07
2020-07-31 13:32:07,2021-07-23 16:14:07,凳,dang3,1,10,80,,2021-06-03 03:37:31
2020-07-31 13:30:44,2021-07-23 16:14:07,時間,si4 gaan3,1,10,78,,2021-04-13 21:04:32
2020-07-31 13:27:43,2021-07-23 16:14:07,玫瑰花,mui4 gwai3 faa1,2,6,78,,2021-06-03 03:38:39
2020-07-31 13:25:11,2021-07-23 16:14:07,蝴蝶,wu4 dip6,6,5,50,,2021-04-13 21:08:41
2020-07-29 20:06:47,2021-07-23 16:14:07,交易,gaau1 jik6,2,10,80,,2021-06-03 03:39:02
2020-07-29 20:06:23,2021-07-23 16:14:07,結餘,git3 jyu4,4,1,90,,2020-11-30 19:10:31
2020-07-29 20:05:19,2021-07-23 16:14:07,戶口,wu6 hau2,3,6,70,,2021-02-07 20:00:22
2020-07-29 20:04:26,2021-07-23 16:14:07,顯示,hin2 si6,4,5,60,,2021-02-07 20:03:08
2020-07-29 20:03:51,2021-07-23 16:14:07,已,ji5,2,9,68,,2021-04-11 03:29:47
2020-07-29 20:03:26,2021-07-23 16:14:07,粵語,jyut6 jyu5,3,7,66,,2021-03-24 22:32:24
2020-07-29 19:58:47,2021-07-23 16:14:07,積分,zik1 fan1,4,8,58,low,2021-04-10 02:39:18
2020-07-29 19:57:54,2021-07-23 16:14:07,亞洲,aa3 zau1,7,3,66,,2021-03-24 22:45:45
2020-07-29 19:56:38,2021-07-23 16:14:07,展示,zin2 si6,1,10,80,,2021-03-26 14:53:11
2020-07-29 19:54:20,2021-07-23 16:14:07,渣打銀行,Zaa1 daa2 ngan4 hong4,4,2,88,,2020-12-02 13:19:00
2020-07-29 19:53:43,2021-07-23 16:14:07,但係,daan6 hai6,5,2,76,,2021-06-03 03:33:39
2020-07-29 19:26:14,2021-07-23 16:14:07,蜜瓜,mat6 gwaa1,6,1,90,,2021-03-24 22:44:47
2020-07-29 19:23:42,2021-07-23 16:14:07,遊戲,jau4 hei3,5,6,50,,2021-04-13 21:09:16
2020-07-29 19:23:21,2021-07-23 16:14:07,細,sai3,3,6,68,,2021-02-07 20:09:38
2020-07-29 19:22:57,2021-07-23 16:14:07,屋企,uk1 kei2,11,10,50,veryhigh,2021-08-13 15:35:17
2020-07-29 19:18:40,2021-07-23 16:14:07,假,gaa2,3,7,80,,2021-03-16 16:55:35
2020-07-29 19:17:48,2021-07-23 16:14:07,公司,gung1 si1,4,0,100,,2020-12-02 18:09:57
2020-07-29 19:17:31,2021-07-23 16:14:07,化妝品,faa3 zong1 ban2,3,7,68,,2021-06-03 03:35:07
2020-07-29 19:16:54,2021-07-23 16:14:07,細佬,sai3 lou2,5,4,90,,2021-05-27 19:19:34
2020-07-29 19:16:37,2021-07-23 16:14:07,海邊,hoi2 bin1,6,4,60,,2021-04-11 16:54:07
2020-07-01 15:43:48,2021-07-23 16:14:07,騎馬,ke4 maa5,3,7,74,,2021-03-21 00:54:34
2020-07-01 15:43:36,2021-07-23 16:14:07,出貓,ceot1 maau1,4,7,60,,2021-03-16 16:26:28
2020-07-01 15:41:56,2021-07-23 16:14:07,丟,diu1,4,2,88,,2020-12-02 13:24:27
2020-07-01 15:41:46,2021-07-23 16:14:07,難,naan4,4,2,90,,2020-12-02 17:53:36
2020-07-01 15:41:38,2021-07-23 16:14:07,或者,waak6 ze2,3,8,60,,2021-03-16 18:29:08
2020-07-01 15:41:20,2021-07-23 16:14:07,考試,haau2 si5,2,8,78,,2021-06-03 03:36:38
2020-07-01 15:40:23,2021-07-23 16:14:07,歷史,lik6 si2,3,6,60,,2021-03-16 17:17:23
2020-06-25 00:21:49,2021-07-23 16:14:07,樂觀,lok6 gun1,4,11,60,,2021-02-07 20:03:38
2020-06-25 00:21:37,2021-07-23 16:14:07,希望,hei1 mong6,4,5,78,,2021-03-23 14:45:53
2020-06-25 00:21:16,2021-07-23 16:14:07,窮人,kung4 jan4,4,7,68,,2021-02-07 20:11:22
2020-06-25 00:16:09,2021-07-23 16:14:07,牛仔褲,ngau4 zai2 fu3,5,7,62,,2021-05-27 20:18:23
2020-06-25 00:11:15,2021-07-23 16:14:07,問題,man6 tai4,6,6,56,,2021-03-20 17:08:35
2020-06-25 00:08:12,2021-07-23 16:14:07,令,ling1,2,13,72,,2021-04-10 02:36:10
2020-06-25 00:07:59,2021-07-23 16:14:07,醜,cau2,5,4,90,,2020-12-02 17:53:46
2020-06-25 00:06:32,2021-07-23 16:14:07,化妝,faa3 zong1,3,9,80,,2021-04-10 02:38:22
2020-06-25 00:06:20,2021-07-23 16:14:07,開玩笑,hoi1 waan4 siu3,5,4,86,,2020-12-02 13:08:47
2020-06-22 13:43:11,2021-07-23 16:14:07,出名,ceot1 meng2,4,11,68,,2021-04-10 17:23:46
2020-06-22 13:42:47,2021-07-23 16:14:07,街上,gaai1 soeng6,4,6,70,,2021-02-07 20:01:52
2020-06-22 13:42:33,2021-07-23 16:14:07,古巴,gu2 baa1,4,4,80,,2021-03-24 22:45:23
2020-06-22 13:42:21,2021-07-23 16:14:07,裡面,leoi5 min6,5,8,80,,2020-12-09 13:24:58
2020-06-22 13:40:11,2021-07-23 16:14:07,地球,dei6 kau4,6,8,64,,2021-03-16 16:31:11
2020-06-22 13:38:22,2021-07-23 16:14:07,例子,lai6 zi2,2,15,72,,2021-03-16 16:58:58
2020-06-22 13:37:50,2021-07-23 16:14:07,專家,zyun1 gaa1,3,9,80,,2021-04-13 21:06:04
2020-06-22 13:35:54,2021-07-23 16:14:07,物理,mat6 lei5,4,6,72,,2021-03-16 17:23:32
2020-06-22 13:35:36,2021-07-23 16:14:07,機器人,gei1 hei3 jan4,5,9,50,,2021-08-13 15:42:47
2020-06-22 13:35:13,2021-07-23 16:14:07,教授,gaau3 sau6,2,15,70,,2021-03-21 00:57:55
2020-06-22 13:31:55,2021-07-23 16:14:07,扮,baan6,5,7,68,,2021-03-24 22:30:02
2020-06-22 13:31:27,2021-07-23 16:14:07,科學家,fo1 hok6 gaa1,6,2,80,,2021-01-12 01:35:13
2020-06-22 13:30:48,2021-07-23 16:14:07,水上公園,seoi2 soeng6 gung1 jyun2,5,7,78,,2021-06-03 03:33:52
2020-06-19 02:36:45,2021-07-23 16:14:07,生日快樂,saang1 jat6 faai3 lok6,4,8,66,,2021-04-13 21:06:34
2020-06-17 13:46:52,2021-07-23 16:14:07,奧巴馬,Ou3 baa1 maa5,5,9,72,,2021-08-14 01:49:27
2020-06-17 13:46:35,2021-07-23 16:14:07,風景,fung1 ging2,6,11,50,,2021-04-10 02:36:23
2020-06-17 13:46:14,2021-07-23 16:14:07,澳門,ou3 mun2,3,10,80,,2021-04-10 17:24:13
2020-06-17 13:45:57,2021-07-23 16:14:07,賭錢,dou2 cin2,4,8,70,,2021-02-07 19:55:07
2020-06-17 13:45:40,2021-07-23 16:14:07,粉絲,fan2 si1,5,10,50,,2021-03-16 16:55:51
2020-06-17 13:45:10,2021-07-23 16:14:07,影相,jing2 soeng2,3,12,80,,2021-04-10 17:24:24
2020-06-17 13:44:29,2021-07-23 16:14:07,大家,daai6 gaa1,7,1,98,,2021-04-13 21:09:36
2020-06-17 13:40:12,2021-07-23 16:14:07,來,loi4,7,3,88,,2020-12-01 16:02:06
2020-06-17 13:39:54,2021-07-23 16:14:07,白天,baak6 tin1,7,7,70,,2021-04-11 16:54:16
2020-06-17 13:39:11,2021-07-23 16:14:07,行街,haang4 gaai1,4,7,70,,2021-02-07 20:01:41
2020-06-17 13:35:11,2021-07-23 16:14:07,簽名,cim1 meng2,7,7,76,,2021-06-03 03:34:01
2020-06-17 13:35:01,2021-07-23 16:14:07,踢波,tek3 bo1,5,7,70,,2021-08-14 01:50:22
2020-06-11 17:25:23,2021-07-23 16:14:07,用,jung6,5,4,74,,2021-03-20 17:11:27
2020-06-11 17:24:56,2021-07-23 16:14:07,手提電腦,sau2 tai4 din6 nou5,5,8,70,,2021-08-14 15:38:55
2020-06-10 12:10:06,2021-07-23 16:14:07,義大利,Ji6 daai6 lei6,7,5,68,,2021-03-16 18:29:54
2020-06-10 12:07:57,2021-07-23 16:14:07,高,gou1,8,7,72,,2021-04-11 03:30:50
2020-06-10 12:07:16,2021-07-23 16:14:07,怕,paa3,5,9,66,,2021-04-11 03:30:53
2020-06-10 12:05:21,2021-07-23 16:14:07,開始,hoi1 ci2,5,13,50,,2021-06-03 03:36:14
2020-06-10 11:54:14,2021-07-23 16:14:07,停車,ting4 ce1,8,13,50,,2021-03-21 00:58:46
2020-06-10 11:53:59,2021-07-23 16:14:07,密碼,mat6 maa5,5,10,56,,2021-03-21 00:54:44
2020-06-10 11:52:50,2021-07-23 16:14:07,危險,ngai4 him2,5,8,86,,2020-12-02 13:07:27
2020-06-10 11:51:46,2021-07-23 16:14:07,地址,dei6 zi2,7,9,54,,2021-03-24 22:43:05
2020-06-10 11:28:24,2021-07-23 16:14:07,日本,jat6 bun2,10,3,78,,2020-12-12 20:48:35
2020-06-10 11:25:35,2021-07-23 16:14:07,繼續,gai3 zuk6,4,15,60,,2021-02-09 16:33:13
2020-06-10 11:20:00,2021-07-23 16:14:07,車站,ce1 zaam6,6,10,50,,2021-04-13 21:00:15
2020-06-10 11:16:53,2021-07-23 16:14:07,坐,co5,3,14,60,,2021-02-07 20:09:21
2020-06-10 11:15:00,2021-07-23 16:14:07,落車,lok6 ce1,5,5,80,,2021-03-16 16:56:24
2020-06-10 11:14:44,2021-07-23 16:14:07,刺激,ci3 gik1,3,11,80,,2021-04-11 03:33:13
2020-06-10 11:14:13,2021-07-23 16:14:07,過山車,gwo3 saan1 ce1,8,6,68,,2021-02-07 20:07:42
2020-06-10 11:07:51,2021-07-23 16:14:07,蔬菜,so1 coi3,3,12,80,,2021-06-03 03:40:37
2020-06-08 16:30:31,2021-07-23 16:14:07,科學,fo1 hok6,8,9,68,,2021-04-11 16:51:54
2020-06-08 16:29:58,2021-07-23 16:14:07,快樂,faai3 lok6,4,12,90,,2020-12-02 17:53:16
2020-06-08 16:29:38,2021-07-23 16:14:07,生日,saang1 jat6,6,2,98,,2020-12-02 13:24:39
2020-06-08 16:29:32,2021-07-23 16:14:07,相信,soeng1 seon3,4,17,54,,2021-06-03 03:39:31
2020-06-08 16:29:20,2021-07-23 16:14:07,教堂,gaau3 tong2,9,8,50,,2021-04-13 21:10:42
2020-06-08 16:28:15,2021-07-23 16:14:07,宗教,zung1 gaau3,5,17,56,,2021-02-07 20:11:34
2020-06-08 16:27:38,2021-07-23 16:14:07,冬天,dung1 tin1,5,3,98,,2020-10-16 00:47:12
2020-06-08 16:27:31,2021-07-23 16:14:07,秋天,cau1 tin1,5,10,82,,2020-11-30 19:06:36
2020-06-08 16:25:21,2021-07-23 16:14:07,夏天,haa6 tin1,4,4,98,,2020-10-16 01:23:10
2020-06-08 16:24:56,2021-07-23 16:14:07,春天,ceon1 tin1,9,6,74,,2021-02-07 19:57:14
2020-06-08 16:24:02,2021-07-23 16:14:07,春夏秋冬,ceon1 haa6 cau1 dung1,5,14,56,,2021-03-26 14:53:42
2020-06-08 16:23:33,2021-07-23 16:14:07,開開心心,hoi1 hoi1 sam1 sam1,8,1,102,,2020-10-16 00:52:05
2020-06-08 16:19:45,2021-07-23 16:14:07,祝福,zuk1 fuk1,10,4,74,,2021-03-23 14:49:29
2020-06-08 16:19:34,2021-07-23 16:14:07,同意,tung4 ji3,7,9,54,,2021-03-25 12:30:34
2020-06-08 16:12:09,2021-07-23 16:14:07,勤力,kan4 lik6,5,16,50,,2021-04-11 03:30:44
2020-06-08 15:59:22,2021-07-23 16:14:07,懶,laan5,4,11,70,,2021-02-07 20:01:01
2020-06-08 15:51:54,2021-07-23 16:14:07,最近,zeoi3 gan6,4,18,50,,2021-03-20 17:07:40
2020-06-08 02:15:35,2021-07-23 16:14:07,叻,lek1,7,4,74,,2020-12-09 17:04:44
2020-06-08 02:14:04,2021-07-23 16:14:07,小氣,siu2 hei3,7,6,80,,2021-03-26 15:06:12
2020-06-08 02:13:33,2021-07-23 16:14:07,細路仔,sai3 lou6 zai2,6,7,80,,2021-03-16 18:26:36
2020-06-08 02:12:39,2021-07-23 16:14:07,方便,fong1 bin6,9,8,62,,2021-05-27 20:18:41
2020-06-08 02:11:50,2021-07-23 16:14:07,大方,daai6 fong1,10,6,68,,2021-03-26 14:51:34
2020-06-08 02:11:21,2021-07-23 16:14:07,非洲,fei1 zau1,6,4,78,,2021-03-24 22:31:43
2020-06-08 02:10:45,2021-07-23 16:14:07,廁所,ci3 so2,11,20,50,high,2021-08-13 15:41:41
2020-06-08 02:09:44,2021-07-23 16:14:07,紅包,hung4 baau1,9,6,62,,2021-04-13 21:10:16
2020-06-08 02:09:15,2021-07-23 16:14:07,以後,ji5 hau6,8,12,50,,2021-03-21 00:57:43
2020-06-08 02:08:48,2021-07-23 16:14:07,銀行,ngan4 hong4,7,2,78,,2021-03-24 22:43:18
2020-06-08 02:07:55,2021-07-23 16:14:07,鐘,zung1,8,0,116,,2020-12-02 18:10:40
2020-06-08 02:06:48,2021-07-23 16:14:07,番工,faan1 gung1,7,10,60,veryhigh,2021-08-10 21:39:54
2020-06-08 02:06:00,2021-07-23 16:14:07,做嘢,zou6 je5,8,13,50,high,2021-08-14 01:04:33
2020-06-08 02:05:14,2021-07-23 16:14:07,上堂,soeng5 tong4,8,13,50,,2021-04-11 16:54:28
2020-06-08 01:53:02,2021-07-23 16:14:07,上樓,soeng5 lau4,3,12,80,,2021-04-11 03:32:10
2020-06-08 01:51:15,2021-07-23 16:14:07,房,fong4,6,11,56,,2021-03-26 14:53:50
2020-06-01 11:48:55,2021-07-23 16:14:07,數學,sou3 hok6,9,11,68,,2021-06-03 03:39:26
2020-06-01 11:48:21,2021-07-23 16:14:07,工程師,gung1 cing4 si1,5,15,50,,2021-03-16 18:28:48
2020-06-01 11:46:23,2021-07-23 16:14:07,老師,lou5 si1,9,4,92,,2021-03-24 22:45:55
2020-06-01 11:45:32,2021-07-23 16:14:07,會計,wui6 gai3,9,13,50,,2021-03-24 22:43:39
2020-06-01 11:44:20,2021-07-23 16:14:07,後日,hau6 jat6,7,7,74,,2020-12-09 14:38:56
2020-06-01 11:40:46,2021-07-23 16:14:07,銀行卡,ngan4 hong4 kaat1,7,10,62,,2021-02-07 19:58:35
2020-06-01 11:40:22,2021-07-23 16:14:07,信用卡,seon3 jung6 kaat1,10,12,50,,2021-03-16 16:58:04
2020-06-01 11:39:42,2021-07-23 16:14:07,雲,wan4,5,13,70,,2021-08-14 01:50:04
2020-06-01 11:39:20,2021-07-23 16:14:07,彩虹,coi2 hung4,5,20,66,,2021-03-16 16:48:47
2020-05-27 03:20:04,2021-07-23 16:14:07,西班牙文,Sai1 baan1 ngaa4 man4,9,13,52,,2021-06-10 20:47:10
2020-05-27 03:18:23,2021-07-23 16:14:07,音樂,jam1 ngok6,4,13,70,,2021-06-03 03:42:11
2020-05-27 03:07:52,2021-07-23 16:14:07,聽,ting3,8,12,56,,2021-06-03 03:42:39
2020-05-27 03:07:40,2021-07-23 16:14:07,棒球,paang5 kau4,4,17,68,,2021-02-07 20:07:29
2020-05-27 03:07:16,2021-07-23 16:14:07,帽,mou6,6,7,70,,2021-08-14 01:50:35
2020-05-27 03:06:32,2021-07-23 16:14:07,絝,fu3,7,14,50,,2021-06-03 03:38:14
2020-05-27 03:05:28,2021-07-23 16:14:07,襯衫,can3 saam1,4,12,90,,2020-12-02 17:52:51
2020-05-27 03:04:46,2021-07-23 16:14:07,牌子,paai4 zi2,7,13,68,,2021-03-16 16:57:10
2020-05-27 03:03:52,2021-07-23 16:14:07,拖鞋,to1 haai4,5,15,60,,2021-06-03 03:42:33
2020-05-27 03:03:24,2021-07-23 16:14:07,著,zoek6,10,12,72,,2021-03-16 16:29:45
2020-05-27 02:56:08,2021-07-23 16:14:07,幾大码,gei2 daai6 maa5,9,4,92,,2021-03-25 16:35:58
2020-05-27 02:55:18,2021-07-23 16:14:07,鞋,haai4,9,5,74,,2020-12-09 17:03:53
2020-05-22 20:03:44,2021-07-23 16:14:07,煮餸,zyu2 sung3,6,29,50,high,2021-08-12 03:44:57
2020-05-22 20:01:36,2021-07-23 16:14:07,小丸子,siu2 jyun2 zi2,4,2,90,,2020-12-02 17:52:20
2020-05-22 19:53:37,2021-07-23 16:14:07,便當,bin6 dong3,6,19,50,,2021-04-13 21:00:02
2020-05-22 19:52:55,2021-07-23 16:14:07,泡,paau1,12,7,70,,2021-03-23 14:39:22
2020-05-22 19:48:11,2021-07-23 16:14:07,醒目,sing2 muk6,7,23,70,veryhigh,2021-08-08 22:24:09
2020-05-22 19:47:05,2021-07-23 16:14:07,信用咭,seon3 jung6 kaat1,7,6,84,,2021-03-24 22:43:11
2020-05-22 19:46:01,2021-07-23 16:14:07,雪櫃,syut3 gwai6,3,16,80,,2021-04-10 17:27:57
2020-05-22 19:42:11,2021-07-23 16:14:07,碌柚,luk1 jau2,3,21,60,,2021-04-10 02:39:42
2020-05-22 19:41:36,2021-07-23 16:14:07,平板電腦,ping4 baan2 din6 nou5,6,15,64,,2021-04-13 21:08:12
2020-05-22 19:39:46,2021-07-23 16:14:07,起身,hei2 san1,7,18,60,,2021-06-08 16:44:49
2020-05-22 19:38:29,2021-07-23 16:14:07,越南,jyut6 naam4,7,10,76,,2021-04-10 02:38:48
2020-05-22 19:37:41,2021-07-23 16:14:07,去,heoi3,9,3,82,,2021-03-24 22:45:31
2020-05-22 19:36:40,2021-07-23 16:14:07,幾時,gei2 si4,7,9,88,veryhigh,2021-04-28 15:10:27
2020-05-22 19:35:57,2021-07-23 16:14:07,電影,din6 jing2,6,8,76,,2021-03-26 14:58:17
2020-05-22 19:35:06,2021-07-23 16:14:07,恭喜,gung1 hei2,7,13,54,,2021-03-25 12:30:42
2020-05-22 19:27:10,2021-07-23 16:14:07,文化,man4 faa3,7,10,54,,2021-03-25 12:30:57
2020-05-22 19:25:14,2021-07-23 16:14:07,喇,laa3,5,12,84,,2021-03-16 16:56:28
2020-05-22 19:24:09,2021-07-23 16:14:07,戏,hei3,9,7,68,,2021-03-16 17:17:05
2020-05-22 19:22:47,2021-07-23 16:14:07,攪笑,gaau2 siu3,6,11,84,,2020-11-30 19:10:49
2020-05-16 02:15:41,2021-07-23 16:14:07,黑人,Hak1 jan4,8,1,102,,2020-11-30 18:58:25
2020-05-16 02:15:21,2021-07-23 16:14:07,蝦,haa1,8,12,58,,2021-02-07 19:59:52
2020-05-16 02:14:14,2021-07-23 16:14:07,警察,ging2 caat3,4,13,80,,2021-03-24 22:44:38
2020-05-16 02:13:28,2021-07-23 16:14:07,差佬,caai1 lou2,4,15,76,,2021-04-11 03:33:31
2020-05-16 02:12:41,2021-07-23 16:14:07,無間道,mou4 gaan3 dou6,4,10,86,,2021-04-11 03:32:58
2020-05-16 01:59:08,2021-07-23 16:14:07,北極熊,bak1 gik6 hung4,4,6,94,,2020-12-02 17:55:58
2020-05-16 01:58:26,2021-07-23 16:14:07,攰,gui6,13,4,86,,2021-03-23 14:39:16
2020-05-16 01:57:48,2021-07-23 16:14:07,瞓覺,fan3 gaau3,4,14,70,,2021-02-07 20:08:00
2020-05-16 01:56:52,2021-07-23 16:14:07,橙汁,caang2 zap1,10,13,50,,2021-03-16 16:56:13
2020-05-16 01:56:38,2021-07-23 16:14:07,粉紅色,fan2 hung4 sik1,5,10,74,,2021-03-16 17:12:30
2020-05-13 14:03:17,2021-07-23 16:14:07,整容,zing2 jung4,4,12,90,,2020-12-02 17:52:39
2020-05-13 13:58:29,2021-07-23 16:14:07,開門,hoi1 mun4,5,10,70,,2021-03-26 14:53:31
2020-05-13 13:57:15,2021-07-23 16:14:07,開,hoi1,11,0,120,,2020-06-24 03:41:06
2020-05-13 13:56:57,2021-07-23 16:14:07,冷氣,laang5 hei3,4,15,66,,2021-02-07 20:05:58
2020-05-13 13:54:28,2021-07-23 16:14:07,出面,ceot1 min6,8,4,102,,2020-10-16 00:52:23
2020-05-13 13:51:15,2021-07-23 16:14:07,跳舞,tiu3 mou5,7,14,68,,2021-06-03 03:37:42
2020-05-13 13:51:02,2021-07-23 16:14:07,旅行,leoi5 hang4,5,14,90,,2021-03-16 16:32:45
2020-05-11 13:58:40,2021-07-23 16:14:07,睇書,tai2 syu1,8,0,120,,2020-12-02 18:06:03
2020-05-06 15:35:53,2021-07-23 16:14:07,需要,seoi1 jiu3,5,16,74,,2021-03-16 17:16:58
2020-05-06 15:35:34,2021-07-23 16:14:07,學費,hok6 fai3,9,10,68,,2021-01-12 01:30:28
2020-05-06 15:35:17,2021-07-23 16:14:07,美金,mei5 gam1,11,3,86,,2020-11-10 19:43:48
2020-05-06 15:35:03,2021-07-23 16:14:07,床,cong4,9,12,82,,2020-11-30 19:06:27
2020-05-06 15:33:47,2021-07-23 16:14:07,中學,zung1 hok6,10,2,100,,2020-12-02 17:56:07
2020-05-06 15:32:27,2021-07-23 16:14:07,大學,daai3 hok6,7,7,88,,2021-02-09 17:07:44
2020-05-06 15:31:44,2021-07-23 16:14:07,傷心,soeng1 sam1,8,20,58,,2021-06-03 03:42:53
2020-05-06 15:29:53,2021-07-23 16:14:07,劉德華,Lau4 dak1 waa4,10,10,58,,2021-03-20 17:11:46
2020-05-06 15:26:51,2021-07-23 16:14:07,刘建华,lau4 gin3 waa4,9,15,56,,2021-06-03 03:41:51
2020-05-06 15:23:10,2021-07-23 16:14:07,禮物,lai5 mat6,6,16,70,,2021-03-21 00:31:36
2020-05-06 15:22:57,2021-07-23 16:14:07,母親節,Mou5 can1 zit3,4,11,70,,2021-03-20 17:08:22
2020-05-06 15:22:23,2021-07-23 16:14:07,所以,so2 ji5,6,6,90,,2021-03-23 14:49:13
2020-05-06 15:20:12,2021-07-23 16:14:07,草莓,cou2 mui4,13,9,52,,2021-03-16 18:29:34
2020-05-06 15:19:55,2021-07-23 16:14:07,出便,ceot1 bin6,8,7,78,,2020-12-02 17:52:12
2020-05-04 17:01:23,2021-07-23 16:14:07,高鐵,gou1 tit3,5,12,76,,2021-03-16 16:55:22
2020-05-04 17:00:33,2021-07-23 16:14:07,貴,gwai3,12,12,50,,2021-08-14 15:42:53
2020-05-04 17:00:14,2021-07-23 16:14:07,藍莓,laam4 mui4,10,5,76,,2021-03-23 14:39:11
2020-05-04 15:23:20,2021-07-23 16:14:07,平,peng4,15,7,74,,2021-06-03 03:33:46
2020-05-04 15:22:38,2021-07-23 16:14:07,星巴克,Sing1 baa1 hak1,5,12,76,,2021-03-23 14:38:58
2020-05-04 15:21:49,2021-07-23 16:14:07,微信,Mei4 seon3,7,16,52,,2021-03-20 17:07:04
2020-05-04 15:21:32,2021-07-23 16:14:07,大陸,daai6 luk6,9,11,80,,2021-03-23 14:49:01
2020-05-04 15:21:14,2021-07-23 16:14:07,河馬,ho4 maa5,9,10,82,,2021-03-25 12:31:21
2020-05-04 15:21:02,2021-07-23 16:14:07,綠茶,luk6 caa4,11,5,86,,2021-04-11 16:53:14
2020-05-04 15:20:42,2021-07-23 16:14:07,奶茶,naai5 caa4,13,10,50,,2021-04-10 17:28:36
2020-05-04 15:20:21,2021-07-23 16:14:07,冰淇淋,bing1 kei4 lam4,4,13,72,,2021-06-03 03:42:18
2020-05-04 15:19:54,2021-07-23 16:14:07,熱狗,jit6 gau2,11,13,62,,2021-03-16 16:56:47
2020-05-02 03:50:37,2021-07-23 16:14:07,衫,saam1,13,2,92,,2020-12-09 14:38:18
2020-04-29 14:00:12,2021-07-23 16:14:07,手機,sau2 gei1,21,28,50,high,2021-08-13 15:40:34
2020-04-29 13:59:59,2021-07-23 16:14:07,電話,din6 waa2,8,8,74,,2021-05-27 19:29:26
2020-04-29 13:59:32,2021-07-23 16:14:07,電腦,din6 nou5,8,6,92,,2021-03-25 12:31:15
2020-04-29 13:59:15,2021-07-23 16:14:07,電視,din6 si6,6,5,84,,2020-12-09 14:38:42
2020-04-29 13:58:20,2021-07-23 16:14:07,笑,siu3,8,1,102,,2020-12-02 17:53:58
2020-04-29 13:58:03,2021-07-23 16:14:07,歌手,go1 sau2,5,13,56,,2021-02-07 20:02:40
2020-04-29 13:57:51,2021-07-23 16:14:07,邊个,bin1 go3,6,12,70,,2021-08-14 15:46:47
2020-04-29 13:55:49,2021-07-23 16:14:07,美劇,mei5 kek6,10,2,92,,2020-12-14 19:34:37
2020-04-29 13:47:38,2021-07-23 16:14:07,韩剧,hon4 kek6,5,13,50,,2021-03-16 17:23:42
2020-04-29 13:46:13,2021-07-23 16:14:07,睇電視,tai2 din6 si6,5,19,60,,2021-04-11 03:33:53
2020-04-29 13:45:34,2021-07-23 16:14:07,台剧,toi4 kek6,8,6,100,,2020-10-24 17:55:20
2020-04-29 13:40:20,2021-07-23 16:14:07,聽日,ting1 jat6,9,8,96,,2020-10-16 01:31:56
2020-04-29 13:39:36,2021-07-23 16:14:07,濕,sap1,8,16,50,,2021-03-20 17:07:33
2020-04-29 13:38:57,2021-07-23 16:14:07,凍,dung3,13,7,74,,2021-03-16 16:26:44
2020-04-29 13:27:31,2021-07-23 16:14:07,做,zou6,7,21,62,,2021-04-11 03:33:34
2020-04-22 14:04:56,2021-07-23 16:14:07,上個,soeng6 go3,7,14,82,,2020-12-09 14:38:09
2020-04-22 14:04:39,2021-07-23 16:14:07,禮拜四,lai5 baai3 sei3,5,14,72,,2021-03-24 22:31:24
2020-04-22 14:03:56,2021-07-23 16:14:07,落雪,lok6 syut3,4,17,70,,2021-03-16 16:57:37
2020-04-22 14:03:20,2021-07-23 16:14:07,閃電,sim2 din6,3,22,60,,2021-04-10 02:37:17
2020-04-22 14:02:42,2021-07-23 16:14:07,雷暴,leoi4 bou6,4,15,86,,2020-12-02 17:56:34
2020-04-22 13:57:55,2021-07-23 16:14:07,涼爽,loeng4 song2,6,19,50,,2021-03-16 16:56:19
2020-04-22 13:49:27,2021-07-23 16:14:07,有風,jau5 fung1,11,6,82,,2021-01-28 17:07:58
2020-04-22 13:47:35,2021-07-23 16:14:07,噚日,cam4 jat6,5,14,84,,2020-11-30 19:12:55
2020-04-22 13:45:04,2021-07-23 16:14:07,明天,ming4 tin1,10,8,60,,2021-08-14 01:49:22
2020-04-22 13:41:26,2021-07-23 16:14:07,今日,gam1 jat6,8,5,86,,2020-10-24 18:25:39
2020-04-22 13:41:07,2021-07-23 16:14:07,有雨,jau5 jyu5,6,14,66,,2021-03-26 14:52:56
2020-04-22 13:40:41,2021-07-23 16:14:07,點啊?,dim2 aa3,12,6,54,,2021-03-20 17:11:22
2020-04-22 13:39:51,2021-07-23 16:14:07,廣州,gwong2 zau1,7,12,68,,2021-03-16 16:56:41
2020-04-22 13:39:32,2021-07-23 16:14:07,多雲,do1 wan4,7,8,74,,2021-03-16 18:27:04
2020-04-22 13:39:17,2021-07-23 16:14:07,晴朗,cing4 long5,4,15,90,,2020-12-02 17:52:57
2020-04-22 13:39:06,2021-07-23 16:14:07,晴天,cing4 tin1,8,13,50,,2021-03-24 22:43:29
2020-04-22 13:27:37,2021-07-23 16:14:07,城市,sing4 si5,4,18,70,,2021-03-16 18:28:08
2020-04-22 13:26:18,2021-07-23 16:14:07,天氣,tin1 hei3,6,10,84,high,2021-08-14 01:04:39
2020-04-22 13:26:04,2021-07-23 16:14:07,熱,jit6,8,2,100,,2020-09-29 17:29:43
2020-04-22 13:24:58,2021-07-23 16:14:07,面,min6,8,1,110,,2020-08-18 18:53:28
2020-04-22 11:22:15,2021-07-23 16:14:07,粟米,suk1 mai5,4,20,70,,2021-03-26 14:52:46
2020-04-22 11:22:02,2021-07-23 16:14:07,荷蘭豆,ho4 laan4¯１ dau6¯２,5,18,50,,2021-03-16 16:58:30
2020-04-22 11:21:00,2021-07-23 16:14:07,涼瓜,loeng4 gwaa1,7,13,50,,2021-03-22 16:40:54
2020-04-22 11:20:46,2021-07-23 16:14:07,絲瓜,si1 gwaa1,5,7,82,low,2020-08-28 00:10:32
2020-04-22 11:19:14,2021-07-23 16:14:07,賣,maai6,10,15,50,,2021-03-21 00:54:50
2020-04-22 11:19:05,2021-07-23 16:14:07,買,maai5,7,7,90,,2021-04-10 17:23:25
2020-04-22 11:18:24,2021-07-23 16:14:07,番薯,faan1 syu2,7,14,68,,2021-03-21 01:03:01
2020-04-22 11:17:05,2021-07-23 16:14:07,蕹菜,ung3 coi3,4,15,82,,2021-03-25 12:30:11
2020-04-22 11:16:34,2021-07-23 16:14:07,生病,saang1 beng6,8,14,54,,2021-01-26 18:32:41
2020-04-22 11:15:20,2021-07-23 16:14:07,湯,tong1,11,8,58,,2021-03-16 17:17:29
2020-04-22 11:14:03,2021-07-23 16:14:07,雞肉,gai1 juk6,4,17,80,,2021-03-25 12:31:03
2020-04-22 11:12:51,2021-07-23 16:14:07,姜,goeng1,7,12,58,,2021-03-16 16:55:58
2020-04-22 11:11:29,2021-07-23 16:14:07,韭菜,gau2 coi3,4,17,70,,2021-03-20 17:10:34
2020-04-22 11:08:45,2021-07-23 16:14:07,燈籠椒,dang1 lung4 ziu1,1,12,84,low,2020-08-29 15:06:04
2020-04-22 11:07:46,2021-07-23 16:14:07,蘆筍,lou4 seon2,4,14,70,,2021-03-20 17:06:58
2020-04-22 11:06:41,2021-07-23 16:14:07,司機,si1 gei1,4,11,70,,2021-02-07 20:08:41
2020-04-22 11:04:40,2021-07-23 16:14:07,今天,gam1 tin1,12,5,68,,2021-03-24 22:45:12
2020-04-22 11:04:16,2021-07-23 16:14:07,唔駛客氣,m4 sai2 haak3 hei3,4,17,64,,2021-03-20 17:09:09
2020-04-15 20:39:50,2021-07-23 16:14:07,辣椒,laat6 ziu1,4,30,54,,2021-06-03 03:41:35
2020-04-15 20:39:09,2021-07-23 16:14:07,冬瓜,dung1 gwaa1,11,14,68,,2021-03-20 17:12:18
2020-04-15 20:38:44,2021-07-23 16:14:07,青瓜,ceng1 gwaa1,16,7,60,,2021-04-13 21:00:47
2020-04-15 20:37:54,2021-07-23 16:14:07,蒜頭,syun3 tau4,4,23,70,,2021-03-16 16:58:52
2020-04-15 20:37:14,2021-07-23 16:14:07,蔥,cung1,12,4,94,,2021-03-20 17:10:51
2020-04-15 20:35:50,2021-07-23 16:14:07,番茄,faan1 ke2,5,24,54,,2021-03-16 18:27:44
2020-04-15 20:20:39,2021-07-23 16:14:07,蜜蜂,mat6 fung1,11,16,50,,2021-04-11 16:53:22
2020-04-15 20:20:17,2021-07-23 16:14:07,飯,faan6,16,10,52,,2021-03-23 14:46:00
2020-04-15 20:16:27,2021-07-23 16:14:07,矮瓜,ngai2 gwaa1,13,15,50,,2021-03-16 16:57:24
2020-04-15 20:15:21,2021-07-23 16:14:07,薯仔,syu4 zai2,7,19,50,,2021-06-03 03:37:01
2020-04-15 20:06:47,2021-07-23 16:14:07,青豆,ceng1 dau5,11,16,58,,2021-03-16 16:57:28
2020-04-15 20:05:51,2021-07-23 16:14:07,好玩,hou2 waan4,11,11,64,,2021-04-10 04:30:02
2020-04-15 20:04:51,2021-07-23 16:14:07,南瓜,naam4 gwaa1,10,2,106,,2020-10-24 18:17:53
2020-04-15 20:04:36,2021-07-23 16:14:07,洋蔥,joeng4 cung1,14,18,50,,2021-03-21 01:00:40
2020-04-15 20:03:06,2021-07-23 16:14:07,大白菜,daai6 baak6 coi3,10,16,62,,2021-04-10 17:23:12
2020-04-15 20:02:41,2021-07-23 16:14:07,生菜,saang1 coi3,7,14,72,,2021-03-25 12:29:21
2020-04-15 19:59:18,2021-07-23 16:14:07,菠菜,bo1 coi3,8,21,50,,2021-03-16 16:56:07
2020-04-15 19:58:51,2021-07-23 16:14:07,紅蘿蔔,hung4 lo4 baak6,4,22,70,,2021-03-16 18:28:33
2020-04-15 19:39:35,2021-07-23 16:14:07,椰菜花,je4 coi3 faa1,6,22,50,,2021-02-07 19:59:42
2020-04-15 19:30:28,2021-07-23 16:14:07,西蘭花,sai1 laan4 faa1,5,21,70,,2021-04-11 03:31:17
2020-04-11 03:16:01,2021-07-23 16:14:07,老鼠,lou5 syu2,7,17,58,,2021-02-07 19:54:53
2020-04-11 03:15:27,2021-07-23 16:14:07,馬騮仔,maa5 lau4 zai2,5,18,82,,2020-11-30 19:07:31
2020-04-11 03:13:49,2021-07-23 16:14:07,飲醉酒,jam2 zeoi3 zau2,6,22,50,,2021-08-14 15:48:29
2020-04-11 03:13:37,2021-07-23 16:14:07,飲醉,jam2 zeoi3,13,15,50,,2021-04-10 17:27:20
2020-04-11 03:12:26,2021-07-23 16:14:07,獅子,si1 zi2,14,11,50,,2021-03-22 16:41:41
2020-04-11 03:12:09,2021-07-23 16:14:07,了哥,liu1 go1,7,22,50,low,2021-04-11 16:53:54
2020-04-11 03:07:32,2021-07-23 16:14:07,猪仔,zyu1 zai2,14,7,76,,2020-12-09 17:16:36
2020-04-11 03:06:37,2021-07-23 16:14:07,青蛙,cing1 waa1,13,7,74,,2021-02-07 19:57:44
2020-04-11 03:05:40,2021-07-23 16:14:07,後,hau6,7,12,76,,2020-12-09 17:06:11
2020-04-11 03:03:27,2021-07-23 16:14:07,落课,lok6 fo3,11,13,50,,2021-03-16 17:12:37
2020-04-10 19:18:17,2021-07-23 16:14:07,加拿大,gaa1 naa4 daai6,6,19,64,,2021-04-13 21:07:34
2020-04-10 19:15:02,2021-07-23 16:14:07,溜冰,lau4 bing1,3,25,80,,2021-06-03 03:40:49
2020-04-10 19:14:50,2021-07-23 16:14:07,石頭,sek6 tau4,6,25,52,,2021-04-13 21:11:04
2020-04-10 19:13:54,2021-07-23 16:14:07,攀石,paan1 sek6,8,18,52,,2021-03-25 12:29:12
2020-04-10 19:08:56,2021-07-23 16:14:07,汽車,hei3 ce1,7,17,56,,2021-01-28 17:07:32
2020-04-10 19:07:18,2021-07-23 16:14:07,租,zou1,7,19,50,,2021-02-07 20:09:30
2020-04-10 19:06:41,2021-07-23 16:14:07,踩单车,caai2 daan1 ce1,4,20,70,,2021-03-20 17:07:26
2020-04-10 19:06:22,2021-07-23 16:14:07,唱歌,coeng3 go1,4,22,70,,2021-06-03 03:40:41
2020-04-10 19:06:00,2021-07-23 16:14:07,好味,hou2 mei6,11,18,50,,2021-02-07 20:02:56
2020-04-10 19:05:44,2021-07-23 16:14:07,畀,bei2,10,13,50,,2021-03-16 17:17:09
2020-04-08 17:07:34,2021-07-23 16:14:07,游水,jau4 seoi2,7,21,50,,2021-06-03 03:38:54
2020-04-08 16:54:36,2021-07-23 16:14:07,我嘅,ngo5 ge3,19,9,94,high,2021-06-03 03:32:39
2020-04-08 16:53:54,2021-07-23 16:14:07,開心,hoi1 sam1,9,9,98,,2020-10-26 00:08:54
2020-04-08 16:52:36,2021-07-23 16:14:07,運動,wan6 dung6,5,18,70,,2021-08-14 15:42:49
2020-04-08 16:52:07,2021-07-23 16:14:07,法國,faat3 gwok3,10,13,62,,2021-04-13 21:10:26
2020-04-08 16:51:25,2021-07-23 16:14:07,病毒,beng6 duk6,8,15,58,,2021-02-07 20:09:15
2020-04-08 16:49:46,2021-07-23 16:14:07,跳水,tiu3 seoi2,8,18,50,,2021-03-22 16:40:32
2020-04-08 16:49:16,2021-07-23 16:14:07,排球,paai4 kau4,11,16,50,,2021-03-24 22:43:53
2020-04-08 16:48:40,2021-07-23 16:14:07,多謝嗮,do1 ze6 saai3,9,14,52,,2021-03-21 01:02:48
2020-04-08 16:48:03,2021-07-23 16:14:07,踢足球,tek3 zuk1 kau4,6,20,50,,2021-03-23 14:40:13
2020-04-08 16:47:44,2021-07-23 16:14:07,打篮球,daa2 laam4 kau4,5,18,74,,2021-03-16 17:24:33
2020-04-05 03:01:47,2021-07-23 16:14:07,蛋,daan2,11,9,60,,2021-08-14 01:49:00
2020-04-05 03:00:37,2021-07-23 16:14:07,小小,siu2 siu2,12,1,118,,2020-08-27 13:19:01
2020-04-05 02:33:50,2021-07-23 16:14:07,麵包,min6 baau1,10,11,72,,2021-06-10 20:47:39
2020-04-05 02:32:29,2021-07-23 16:14:07,汁,zap1,12,12,76,,2020-12-02 17:55:48
2020-04-05 02:29:46,2021-07-23 16:14:07,餓,ngo6,10,3,106,,2020-12-14 19:35:20
2020-04-05 02:28:46,2021-07-23 16:14:07,三明治,saam1 ming4 zi6,9,25,50,,2021-06-03 03:41:02
2020-04-05 02:27:23,2021-07-23 16:14:07,餅,beng2,12,14,70,,2021-08-14 01:50:28
2020-04-05 02:15:18,2021-07-23 16:14:07,姐姐,ze4 ze1,9,6,90,,2020-12-09 17:04:04
2020-04-05 02:14:27,2021-07-23 16:14:07,妹妹,mui6 mui6,12,3,112,,2020-10-24 18:16:13
2020-04-05 02:09:15,2021-07-23 16:14:07,披薩,pei1 saat3,6,25,54,,2021-02-07 19:56:27
2020-04-05 02:08:20,2021-07-23 16:14:07,頸喝,geng2 hot3,9,18,94,,2021-03-21 01:23:22
2020-04-05 02:08:00,2021-07-23 16:14:07,早餐,zou2 caan1,12,10,50,,2021-04-13 21:08:52
2020-04-05 02:07:45,2021-07-23 16:14:07,靚女,leng3 neoi2,13,11,72,,2021-03-16 17:10:27
2020-04-05 02:07:36,2021-07-23 16:14:07,靚仔,leng3 zai2,11,10,76,,2020-12-02 17:55:44
2020-04-05 02:07:00,2021-07-23 16:14:07,咖啡,gaa3 fe1,16,10,50,,2021-03-24 22:29:58
2020-04-05 02:06:50,2021-07-23 16:14:07,茶,caa4,11,3,112,,2020-09-29 17:13:05
2020-04-04 13:57:13,2021-07-23 16:14:07,幾多錢?,gei2 do1 cin2,16,12,50,,2021-03-16 16:33:21
2020-04-04 13:56:48,2021-07-23 16:14:07,半,bun3,14,17,66,,2021-04-11 03:33:17
2020-04-04 11:54:53,2021-07-23 16:14:07,蚊,man1,12,8,62,,2021-03-16 17:24:02
2020-04-03 02:36:41,2021-07-23 16:14:07,分,fan1,13,13,50,,2021-04-10 02:36:30
2020-04-03 02:34:54,2021-07-23 16:14:07,毫,hou4,10,24,50,,2021-06-03 03:42:43
2020-04-03 02:34:33,2021-07-23 16:14:07,角,gok3,7,12,70,low,2020-08-29 15:05:55
2020-04-03 02:33:05,2021-07-23 16:14:07,元,jyun4,14,18,50,,2021-03-23 14:40:27
2020-04-03 02:32:37,2021-07-23 16:14:07,千,cin1,9,0,120,,2020-05-27 03:37:49
2020-04-03 02:32:27,2021-07-23 16:14:07,百,baak3,10,13,70,veryhigh,2021-07-24 13:22:01
2020-03-31 02:08:05,2021-07-23 16:14:07,飲水,jam2 seoi2,16,4,86,,2020-12-09 17:05:28
2020-03-28 02:09:09,2021-07-23 16:14:07,顏色,ngaan4 sik1,12,13,50,,2021-06-03 03:43:33
2020-03-28 02:06:56,2021-07-23 16:14:07,北京,bak1 ging1,13,6,114,,2021-03-20 17:12:03
2020-03-28 02:06:26,2021-07-23 16:14:07,好食,hou2 sik6,10,3,78,,2021-03-24 22:44:00
2020-03-28 02:02:33,2021-07-23 16:14:07,食物,sik6 mat6,17,12,70,,2021-08-14 01:49:09
2020-03-28 02:00:50,2021-07-23 16:14:07,糖果,tong4 gwo2,13,23,50,,2021-02-07 20:00:48
2020-03-28 01:57:50,2021-07-23 16:14:07,漢堡包,hon3 bou2 baau1,9,23,66,,2021-04-11 03:30:34
2020-03-28 01:55:32,2021-07-23 16:14:07,薯條,syu4 tiu2,8,19,54,,2021-08-14 01:06:41
2020-03-28 01:54:51,2021-07-23 16:14:07,餃子,gaau2 zi2,14,17,50,,2021-03-23 14:38:18
2020-03-28 01:51:54,2021-07-23 16:14:07,走,zau2,14,17,50,,2021-02-07 20:11:03
2020-03-28 01:50:01,2021-07-23 16:14:07,只係,zi2 hai6,16,16,74,,2021-03-16 16:57:16
2020-03-28 01:48:10,2021-07-23 16:14:07,美國,mei5 gwok3,9,13,88,,2020-10-24 18:20:11
2020-03-28 01:46:32,2021-07-23 16:14:07,名,meng2,13,14,50,,2021-03-23 14:46:04
2020-03-26 02:30:40,2021-07-23 16:14:07,晚上,maan5 soeng6,14,25,50,,2021-06-10 20:59:09
2020-03-26 02:15:46,2021-07-23 16:14:07,而家,ji4 gaa1,14,4,92,,2020-10-16 01:23:32
2020-03-26 02:13:16,2021-07-23 16:14:07,邊度,bin1 dou6,8,25,50,,2021-02-07 20:10:31
2020-03-26 02:06:33,2021-07-23 16:14:07,紐約,nau2 joek3,13,20,50,,2021-04-13 21:08:00
2020-03-26 02:02:28,2021-07-23 16:14:07,喺,hai2,21,8,90,high,2021-06-08 17:59:30
2020-03-26 02:02:01,2021-07-23 16:14:07,狗,gau2,11,2,104,,2021-08-14 01:05:04
2020-03-26 02:00:29,2021-07-23 16:14:07,得意,dak1 ji3,21,11,50,,2021-04-13 21:07:55
2020-03-26 01:58:05,2021-07-23 16:14:07,臺灣,toi4 waan1,15,12,50,,2021-04-10 02:38:33
2020-03-26 01:55:35,2021-07-23 16:14:07,朱咕叻,zyu1 gu1 lik1,12,12,88,,2020-12-02 13:24:34
2020-03-26 01:54:11,2021-07-23 16:14:07,晚安,maan5 on1,18,11,50,,2021-04-13 21:09:06
2020-03-26 01:53:37,2021-07-23 16:14:07,梅青恬,mui4 cing1 tim4,13,5,100,,2020-11-03 19:53:12
2020-03-25 00:49:10,2021-07-23 16:14:07,拜拜,baai1 baai3,17,5,80,,2021-08-14 01:50:14
2020-03-25 00:48:33,2021-07-23 16:14:07,要,jiu3,16,16,60,,2021-04-13 21:00:29
2020-03-25 00:47:13,2021-07-23 16:14:07,有事,jau5 si6,16,10,80,high,2021-07-24 13:52:29
2020-03-25 00:44:35,2021-07-23 16:14:07,幾點鐘,gei2 dim2 zung1,18,11,64,veryhigh,2021-08-09 00:41:19
2020-03-25 00:42:02,2021-07-23 16:14:07,啫,ze1,12,13,70,low,2020-08-18 21:13:15
2020-03-25 00:41:33,2021-07-23 16:14:07,少少,siu2 siu2,14,2,118,,2021-03-23 14:46:13
2020-03-25 00:39:40,2021-07-23 16:14:07,中文,zung1  man4,15,4,106,,2021-02-07 20:13:10
2020-03-25 00:38:43,2021-07-23 16:14:07,叫,giu3,11,9,84,,2020-11-30 19:10:38
2020-03-25 00:38:08,2021-07-23 16:14:07,識,sik1,21,13,50,,2021-03-23 14:40:22
2020-03-25 00:36:59,2021-07-23 16:14:07,華裔,waa4 jeoi6,14,14,84,,2021-03-16 17:24:53
2020-03-25 00:36:30,2021-07-23 16:14:07,英國,jing1 gwok3,14,11,66,,2020-12-02 18:09:48
2020-03-25 00:34:44,2021-07-23 16:14:07,㗎,gaa3,11,22,50,,2021-02-07 19:55:37
2020-03-25 00:33:33,2021-07-23 16:14:07,由,jau4,17,20,50,,2021-03-23 14:40:33
2020-03-25 00:32:51,2021-07-23 16:14:07,貴姓,gwai3 sing3,13,22,50,,2021-03-22 16:41:33
2020-03-25 00:31:24,2021-07-23 16:14:07,姓,sing3,20,11,50,,2021-03-20 17:09:41
2020-03-25 00:30:40,2021-07-23 16:14:07,邊啲,bin1 di1,14,12,54,,2021-08-14 15:48:46
2020-03-25 00:30:21,2021-07-23 16:14:07,嗰啲,go2 di1,9,24,50,,2021-02-07 20:13:29
2020-03-25 00:30:06,2021-07-23 16:14:07,呢啲,ni1 di1,23,13,50,high,2021-08-10 21:36:13
2020-03-25 00:29:33,2021-07-23 16:14:07,中意,zung1 ji3,12,5,120,,2020-05-25 03:00:19
2020-03-25 00:28:34,2021-07-23 16:14:07,水果,seoi2 gwo2,14,4,116,,2020-05-23 01:55:09
2020-03-25 00:28:06,2021-07-23 16:14:07,提子,tai4 zi2,18,14,80,,2021-04-10 04:30:10
2020-03-25 00:27:02,2021-07-23 16:14:07,檸檬,ning4 mung1,10,17,76,low,2021-06-03 03:37:25
2020-03-25 00:26:34,2021-07-23 16:14:07,橘子,gwat1 zi2,10,21,50,,2021-04-11 03:30:18
2020-03-25 00:24:44,2021-07-23 16:14:07,梨,lei4,13,9,58,,2021-02-07 20:04:29
2020-03-25 00:23:55,2021-07-23 16:14:07,士多啤梨,si6 do1 be1 lei2,9,26,50,,2021-03-21 01:23:12
2020-03-25 00:22:36,2021-07-23 16:14:07,車釐子,ce1 lei4 zi2,13,22,50,,2021-03-21 01:01:49
2020-03-25 00:21:18,2021-07-23 16:14:07,芒果,mong1  gwo2,12,19,62,,2021-04-10 17:24:29
2020-03-25 00:20:57,2021-07-23 16:14:07,西瓜,sai1 gwaa1,15,5,82,,2021-05-27 18:51:27
2020-03-25 00:20:28,2021-07-23 16:14:07,蘋果,ping4 gwo2,12,17,50,,2021-03-23 14:38:30
2020-03-25 00:20:07,2021-07-23 16:14:07,跑步,paau2 bou6,16,14,72,high,2021-08-13 15:21:06
2020-03-22 18:47:20,2021-07-23 16:14:07,藍色,laam4 sik1,14,1,120,,2020-06-19 16:39:02
2020-03-21 21:26:34,2021-07-23 16:14:07,黃色,wong4 sik1,25,8,84,,2021-03-16 17:23:57
2020-03-21 03:04:23,2021-07-23 16:14:07,零,ling4,25,9,78,veryhigh,2021-08-09 00:42:03
2020-03-21 03:02:07,2021-08-03 12:55:06,翻譯,faan1 jik6,1,2,90,,2021-08-06 18:49:41
2020-03-21 02:58:52,2021-07-23 16:14:07,綠色,luk6 sik1,19,3,98,,2020-11-30 19:07:43
2020-03-21 02:54:50,2021-07-23 16:14:07,紅色,hung4 sik1,22,5,82,,2021-04-11 16:52:23
2020-03-21 02:54:28,2021-07-23 16:14:07,發燒,faat3 siu1,7,17,52,,2021-03-16 16:27:23
2020-03-21 02:34:26,2021-07-30 18:04:17,明白,ming4 baak6,2,1,90,,2021-08-05 15:46:05
2020-03-21 02:33:59,2021-07-23 16:14:07,灰色,fui1 sik1,23,7,80,,2021-03-20 17:10:44
2020-03-21 02:31:33,2021-07-23 16:14:07,紫色,zi2 sik1,17,1,120,,2020-05-23 01:43:08
2020-03-21 02:31:20,2021-07-23 16:14:07,白色,baak6 sik1,24,13,52,,2021-03-25 12:29:33
2020-03-21 02:30:31,2021-07-23 16:14:07,黑色,hak1 sik1,21,4,102,,2021-02-07 19:57:28
2020-03-21 00:26:49,2021-07-23 16:14:07,啡色,fe1 sik1,23,7,80,,2021-08-14 01:04:59
2020-03-21 00:21:35,2021-07-23 16:14:07,橙色,caang2 sik1,19,4,90,,2021-03-16 17:25:03
2020-03-20 02:09:01,2021-07-30 18:07:00,唔識,m4 sik1,2,0,100,high,2021-08-04 12:33:39
2020-03-04 19:09:57,2021-07-23 16:14:07,肚餓,tou5 ngo6,1,10,78,,2021-03-20 17:11:15
2020-03-04 19:09:31,2021-07-23 16:14:07,因為,jan1 wai6,22,15,50,veryhigh,2021-08-13 15:36:28
2020-03-04 19:08:29,2021-08-21 22:56:37,唔好,m4 hou2,3,0,100,,2021-08-21 22:57:14
2020-03-04 19:07:37,2021-07-23 16:14:07,以前,ji5 cin4,6,17,50,veryhigh,2021-08-12 04:08:04
2020-03-04 19:07:17,2021-07-23 16:14:07,好睇,hou2 tai2,4,0,100,,2021-03-25 12:30:22
2020-03-04 19:05:55,2021-07-23 16:14:07,可以,ho2 ji5,4,3,84,,2020-12-09 17:05:21
2020-03-04 18:53:08,2021-07-23 16:14:07,乜嘢,mat1 je5,14,5,120,high,2020-06-22 11:49:11
2020-03-04 18:51:55,2021-07-23 16:14:07,喺度,hai2 dou6,4,7,78,high,2021-07-24 13:53:34
2020-03-04 18:47:40,2021-07-23 16:14:07,十,sap6,17,10,108,,2021-08-14 01:06:10
2020-03-04 18:47:34,2021-07-23 16:14:07,九,gau2,17,7,98,,2021-02-07 19:58:17
2020-03-04 18:47:25,2021-07-23 16:14:07,八,baat3,24,12,62,,2021-08-14 01:49:31
2020-03-04 18:47:16,2021-07-23 16:14:07,七,cat1,16,3,120,,2020-05-23 01:45:41
2020-03-04 18:47:06,2021-07-23 16:14:07,五,ng5,19,2,94,veryhigh,2021-07-24 13:22:42
2020-03-04 18:46:46,2021-07-23 16:14:07,四,sei3,24,11,72,high,2021-07-26 12:34:58
2020-03-04 18:46:33,2021-07-23 16:14:07,三,saam1,16,1,114,,2021-06-10 20:47:43
2020-03-04 18:46:18,2021-07-23 16:14:07,二,ji6,25,11,74,,2020-12-09 17:03:58
2020-02-26 15:33:12,2021-07-23 16:14:07,食齋,sik6 zaai1,17,18,50,,2021-02-07 19:54:16
2020-02-21 18:41:15,2021-07-23 16:14:07,日日,jat6 jat6,5,5,80,,2021-06-03 03:34:12
2020-02-19 02:06:04,2021-07-27 20:40:46,廣東話,gwong2 dung1 waa4,6,6,78,veryhigh,2021-08-09 00:38:28
2020-02-19 02:04:25,2021-07-23 16:14:07,再見,zoi3 gin3,22,20,50,,2021-03-23 14:45:41
2020-02-19 02:01:31,2021-08-14 16:01:25,早晨,zou2 san4,18,29,50,veryhigh,2021-09-01 19:45:05
2020-02-19 01:27:56,2021-07-23 16:14:07,唔好意思,m4 hou2 ji3 si1,19,24,50,,2021-03-20 17:09:26
2020-02-19 00:37:28,2021-07-23 16:14:07,想,soeng2,15,3,84,,2021-05-28 00:07:37
2020-02-18 22:24:03,2021-07-23 16:14:07,冇所謂,mou5 so2 wai6,18,22,50,,2021-03-22 16:40:01
2020-02-18 01:48:33,2021-07-23 16:14:07,香蕉,hoeng1 ziu1,15,11,50,,2021-04-10 17:28:22
2020-02-15 02:18:48,2021-07-23 16:14:07,史,si2,16,5,90,,2021-04-11 03:32:48
2020-01-29 15:17:13,2021-07-23 16:14:07,癡線,ci1 sin3,5,14,70,,2021-05-22 15:52:06
2020-01-12 03:39:18,2021-07-23 16:14:07,咪,mai5,13,7,52,high,2021-08-10 21:35:22
2020-01-12 03:35:41,2021-07-23 16:14:07,咁,gam2,9,4,78,,2021-01-06 18:28:40
2020-01-12 03:02:58,2021-07-23 16:14:07,香港,hoeng1 gong2,17,4,110,,2020-05-23 01:16:06
2020-01-12 03:01:40,2021-07-23 16:14:07,老公,lou5 gung1,8,8,66,,2021-01-26 18:34:42
2020-01-12 02:57:16,2021-07-23 16:14:07,又,jau6,9,12,50,,2021-03-16 16:56:32
2020-01-12 02:52:59,2021-07-23 16:14:07,小學,siu2 hok6,19,8,90,,2020-10-24 18:18:38
2020-01-12 02:49:41,2021-07-23 16:14:07,朋友,pang4 jau5,23,9,80,veryhigh,2021-08-09 00:42:38
2020-01-12 02:48:38,2021-07-23 16:14:07,可能,ho2 nang4,8,4,82,veryhigh,2021-07-24 13:22:23
2020-01-12 02:43:37,2021-07-23 16:14:07,咁樣,gam2 joeng2,7,8,66,,2021-03-16 16:48:32
2020-01-10 03:25:26,2021-07-23 16:14:07,都,dou1,25,9,70,high,2021-07-26 12:34:01
2020-01-10 03:23:49,2021-07-23 16:14:07,上面,soeng6 min6,17,18,50,,2021-04-13 21:00:24
2020-01-10 03:23:15,2021-07-23 16:14:07,就,zau6,9,19,50,,2021-04-13 21:20:12
2020-01-10 03:21:15,2021-07-23 16:14:07,街,gaai1,9,8,88,,2020-11-30 19:06:22
2020-01-08 16:50:03,2021-07-23 16:14:07,一,jat1,29,3,124,,2021-04-13 21:09:41
2020-01-08 16:44:50,2021-07-23 16:14:07,嘅,ge3,28,17,74,,2021-03-24 22:31:51
2020-01-08 16:43:28,2021-07-23 16:14:07,同,tung4,17,9,50,,2021-03-24 22:31:31
2020-01-08 16:42:23,2021-07-23 16:14:07,六,luk6,39,18,50,veryhigh,2021-08-12 03:43:38
2020-01-08 16:36:33,2021-07-23 16:14:07,呢,ne1,27,8,78,,2021-03-21 01:00:26
